Abdullapuram,12.783333,79.666667
Abhiramapuram,13.027778,80.2575
Abiramam,9.466667,78.45
Accarapatam,10.883333,79.833333
Achankovil,9.1,77.133333
Acharapokam,12.416667,79.816667
Achcharapakkam,12.416667,79.816667
Adamankotta,12.083333,78.116667
Adamankottai,12.083333,78.116667
Adambakkam,12.9925,80.204444
Adanakkottai,10.55,78.966667
Adanur,12.033333,78.983333
Adirampatnam,10.35,79.4
Adirampattinam,10.35,79.4
Adirangam,10.483333,79.666667
Adur,9.166667,76.733333
Aduturai,11.033333,79.483333
Adyar,13.004444,80.258333
Agaram,12.816667,78.883333
Agastiampalli,10.35,79.866667
Agastiswaram,8.1,77.533333
Agastyampalli,10.35,79.866667
Aichanahalli,12.75,76.233333
Aivarkhandpur,13.137222,77.492222
Ajjampur,13.728056,76.009444
Akkammapettai,11.466667,77.883333
Akkaraivadi,10.883333,79.833333
Akkihebbal,12.608889,76.399444
Alagapuram,11.883333,78.916667
Alagiapandipuram,8.3,77.45
Alamadi,13.208611,80.107778
Alanallur,11.016667,76.35
Alandoor,13.0025,80.206111
Alandur,13.0025,80.206111
Alandurai,10.933333,76.8
Alanganallur,10.066667,78.05
Alangayam,12.6,78.75
Alangiem,10.6,77.5
Alangiyam,10.6,77.5
Alangudi,10.366667,78.983333
Alangulam,8.866667,77.5
Alapakam,11.6,79.733333
Alapalli,9.494167,76.3275
Alapolai,9.494167,76.3275
Alappakkam,11.6,79.733333
Alappula,9.494167,76.3275
Alappuzha,9.494167,76.3275
Alapulai,9.494167,76.3275
Alattur,10.65,76.533333
Alattur,12.233333,79.866667
Alatur,10.65,76.533333
Alatur,12.233333,79.866667
Alayangudi,10.933333,79.766667
Aleppi,9.494167,76.3275
Alinjivakkam,13.186389,80.196389
Aliyabad,12.633333,79.233333
Alleppey,9.494167,76.3275
Alleppi,9.494167,76.3275
Allinagaram,10.033333,77.5
Alliyabad,12.633333,79.233333
Aluva,10.109167,76.364444
Alvar Tirunagari,8.6,77.95
Alvurkurchi,8.766667,77.416667
Alwar Tirunagari,8.6,77.95
Alwarkurichchi,8.766667,77.416667
Alwarpet,13.036389,80.257778
Alwaye,10.109167,76.364444
Amanambakkam,13.216667,80.033333
Amarambedu,12.964722,80.013056
Amarapur,14.133333,76.983333
Amarapuram,14.133333,76.983333
Amaravathi,10.016667,78.783333
Amaravati,10.016667,78.783333
Ambagarattur,10.95,79.716667
Ambalapulai,9.4,76.366667
Ambalapuzha,9.4,76.366667
Ambalasamudram,10.35,79.266667
Ambasamudram,8.7,77.466667
Ambassamudram,8.7,77.466667
Ambattur,13.076667,80.088611
Ambatturai,10.266667,77.933333
Ambur,12.783333,78.7
Aminjikarai,13.073889,80.224444
Amir Mahal,13.053889,80.2675
Ammani Chattram,10.2,79.266667
Ammanitchatram,10.2,79.266667
Ammapatam,10.016667,79.233333
Ammapatnam,10.016667,79.233333
Ammapattinam,10.016667,79.233333
Ammapet,10.8,79.333333
Ammapettai,10.8,79.333333
Amrutur,12.916111,76.933056
Amudur,13.166111,80.028611
Amurtur,12.916111,76.933056
Anaimalai,10.583333,76.933333
Anaimalais,10.583333,76.933333
Anakaputtur,12.982778,80.126389
Anamalai,10.583333,76.933333
Anamalainagar,11.4,79.733333
Anantamadugu,14.133333,79.716667
Anchal,8.9,76.9
Anchetti,12.35,77.716667
Andevanahalli,12.466667,77.766667
Andimadam,11.333333,79.383333
Andimatam,11.333333,79.383333
Andippatti,9.983333,77.633333
Andiyur,11.583333,77.6
Andurkonam,8.6,76.883333
Anechaukur,12.25,76.083333
Anekal,12.7,77.7
Angadippuram,10.966667,76.216667
Angadipuram,10.966667,76.216667
Angadu,13.224444,80.183611
Angamali,10.2,76.4
Angamally,10.2,76.4
Anikkaranchattram,11.333333,79.716667
Anjengo,8.666667,76.766667
Anjongo,8.666667,76.766667
Ankasandra,13.545833,76.886667
Anna Nagar,13.082778,80.219167
Anna Nagar West,13.091944,80.199167
Annamalai,11.4,79.733333
Annamalainagar,11.4,79.733333
Annavasal,10.466667,78.7
Annur,11.233333,77.133333
Antarasante,12.0175,76.299722
Anumanandal,11.566667,78.916667
Appananallur,11.05,78.383333
Appavoo Nagar,13.026389,80.228889
Arakkonam,13.1,79.666667
Aramaganori,8.566667,78.116667
Arambakam,13.533333,80.066667
Arambakkam,13.533333,80.066667
Aramboli,8.25,77.55
Aramboly,8.25,77.55
Arani,12.666667,79.283333
Aranmula,9.333333,76.683333
Arantangi,10.166667,78.983333
Aranvayal,13.1,79.951389
Arasankalani,12.880278,80.198333
Arasapallipalaiyam,10.733333,77.566667
Arasinagundi,13.719167,76.555556
Arasur,11.316667,79.733333
Aravakkurichchi,10.766667,77.916667
Aravandadu,11.366667,76.766667
Aravanghat,11.366667,76.766667
Aravankadu,11.366667,76.766667
Arcot,12.9,79.333333
Arikkod,11.233333,76.05
Arimalam,10.266667,78.9
Ariyakundu,9.283333,79.283333
Ariyalur,11.133333,79.083333
Ariyappancheri,13.071944,80.075
Arkalgud,12.765,76.056944
Arkonam,13.1,79.666667
Armagon,13.966667,80.15
Arni,12.666667,79.283333
Arrantangy,10.166667,78.983333
Arsikere,13.313889,76.256111
Arukutti,9.866667,76.35
Arumbakkam,13.073611,80.206944
Arumbavur,11.383333,78.733333
Arumbvur,11.383333,78.733333
Arumuganeri,8.566667,78.116667
Arunachaleswaranpet,13.131944,80.291944
Aruppukkottai,9.516667,78.1
Aruru,13.916667,80.05
Aruvankadu,11.366667,76.766667
Asandi,13.712778,76.099167
Ashok Nagar,13.039167,80.214722
Atangulam,8.866667,77.5
Atgulipura,11.833333,77
Athimanjeripet,13.25,79.433333
Atirampattinam,10.35,79.4
Attani,11.533333,77.533333
Attappadi,11.083333,76.583333
Attayampatti,11.533333,78.066667
Attayyampatti,11.533333,78.066667
Attibele,12.766667,77.783333
Attimanjeri,13.25,79.433333
Attingal,8.683333,76.833333
Attippadi,12.05,78.783333
Attippattu,13.09,80.153611
Attirampattinam,10.35,79.4
Attungal,8.683333,76.833333
Attur,11.6,78.616667
Atur-Salem,11.6,78.616667
Aulapolai,9.494167,76.3275
Aumaraubaudi,10.016667,78.783333
Avadaiyarkovil,10.083333,79.066667
Avadi,13.115556,80.101667
Avadiyarkoil,10.083333,79.066667
Avalakonda,13.2,79.266667
Avaleonda,13.2,79.266667
Avalhalli,13.033333,77.75
Avalurpet,12.333333,79.25
Avanashi,11.2,77.283333
Avanashipalaiyam,10.966667,77.433333
Avati,13.318056,77.721389
Ayakkudi,10.45,77.55
Ayakudi,10.45,77.55
Ayalcheri,13.2225,80.102222
Ayanavaram,13.096111,80.235
Ayattur,13.14,79.990833
Ayirala,13.383333,78.983333
Aymangala,14.083333,76.533333
Ayur,8.883333,76.883333
Ayyampalaiyam,10.233333,77.733333
Ayyampettai,10.9,79.183333
Ayyanapuram,8.85,78.15
Ayyanthopu,9.266667,79.233333
Azhagiapandipuram,8.3,77.45
Azhagiri Nagar,13.058056,80.257778
Azhakiapandipuram,8.3,77.45
Badavanahalli,13.681111,77.065833
Bagadi,13.15,76.216667
Bagalur,12.833333,77.866667
Bagepalli,13.784722,77.793056
Bageshapura,13.156111,76.218889
Bagur,13,76.366667
Baguru,13,76.366667
Bahour,11.8,79.766667
Bahur,11.8,79.766667
Bailur,11.816667,77.266667
Bairapur,13.216667,77.516667
Baireddipalle,13.083333,78.616667
Baireddirpalle,13.083333,78.616667
Baiyyappanahalli,13.066667,77.716667
Balaji Nagar,13.122778,80.226389
Balaramapuram,8.433333,77.05
Balarampuram,8.433333,77.05
Ballavi,13.418333,77.026944
Ballurpettai,12.2,78.066667
Banasandara,13.261111,76.655833
Banasandra,13.261111,76.655833
Banavar,13.413611,76.168333
Banavara,13.413611,76.168333
Banavedutottam,13.063333,80.088333
Bandahalli,12.166667,77.35
Bandalli,12.166667,77.35
Bandarlapalli,13.85,78
Bandipur,11.666667,76.633333
Bangalore,12.983333,77.583333
Bangalore City,12.983333,77.583333
Bangarampettaichori,13.2,80.086389
Bangarapet,12.966667,78.2
Bangarpett,13.966667,79.6
Bangarupet,13.966667,79.6
Bangarupeta,13.966667,79.6
Bannigere,12.75,77.433333
Bannigeri,12.75,77.433333
Bannur,12.330833,76.863056
Barathidasan Nagar,13.043889,80.275
Bargur,13.942778,76.989167
Bargur,12.55,78.366667
Barguru,12.55,78.366667
Basaralu,12.706389,76.817222
Basavapatna,12.613611,76.125278
Basavapatna Hassan,12.613611,76.125278
Basin Bridge,13.104444,80.273333
Basuvanpuram,11.666667,77.283333
Batrahalli,12.366667,78.416667
Bayappanhalli,13.066667,77.716667
Begur,11.916667,76.3
Bekkattur,11.983333,77.266667
Belagula,12.384722,76.590278
Belagur,13.633333,76.283333
Beldara,13.454722,77.168611
Bellara,13.616667,76.666667
Bellavi,13.418333,77.026944
Bellur,12.991111,76.744444
Belluru,12.991111,76.744444
Belukkurichchi,11.383333,78.25
Belukurichi,11.383333,78.25
Belur,11.7,78.416667
Bengalooru,12.983333,77.583333
Bengaluru,12.983333,77.583333
Bennari,11.566667,77.15
Berikai,12.8,77.966667
Beripeta,13.666667,80.2
Besant Nagar,12.995278,80.267222
Bethamangala,13.016667,78.333333
Betmangala,13.016667,78.333333
Bettadapur,12.473333,76.1025
Bettadpur,12.473333,76.1025
Bhairsandra,12.933333,77.6
Bhakarapet,13.666667,79.166667
Bhakarapeta,13.666667,79.166667
Bhavanagiri,11.466667,79.633333
Bhavani,11.45,77.683333
Bherya,12.586667,76.351389
Bhimanahalli,12.201944,76.287222
Bhimunitope,13.211944,79.920833
Bhunanahalli,12.201944,76.287222
Bhutapandi,8.266667,77.45
Bhuvanagiri,11.466667,79.633333
Bidadi,12.816667,77.4
Bikkatti,11.266667,76.616667
Bilikere,12.348056,76.428611
Bilikore,12.348056,76.428611
Binakanahalli,11.683333,77.133333
Bindigaravale,12.887778,76.553611
Bliuvanagiri,11.466667,79.633333
Bodinayakanur,10.016667,77.35
Bodinayakkanur,10.016667,77.35
Bowringpet,12.966667,78.2
British Cochin,9.966667,76.233333
Budalur,10.8,78.983333
Budihal,13.623333,76.417222
Budikote,12.9,78.133333
Bukkapatna,13.648333,76.753889
Buradagunte,13.583333,78.033333
Burrakayalakota,13.733333,78.35
Cannanpalaiyam,13.095556,79.966111
Cape Comorin,8.076111,77.548333
Chaeur,12.348056,80.004722
Chakavel,13.816667,78.1
Chalai,8.483333,76.916667
Chalakudi,10.3,76.35
Chalakuru,13.94,77.551389
Chamrajnagar,11.916667,76.95
Chamundi,12.266667,76.683333
Chamundi Extension,12.266667,76.683333
Chamundi Puram,12.266667,76.683333
Chamundy Puram,12.266667,76.683333
Chandragiri,13.583333,79.316667
Changanacheri,9.466667,76.55
Changanacherry,9.466667,76.55
Channapatan,12.65,77.216667
Channapatna,12.65,77.216667
Channarayapatna,12.904444,76.391667
Chanzarayapatna,12.904444,76.391667
Chattanahalli,12.2,76.566667
Chattrappatti,10.483333,77.666667
Chaudepalle,13.433333,78.683333
Chaughat,10.533333,76.05
Chavakkad,10.533333,76.05
Chavara,8.966667,76.533333
Chegat,11.833333,76.066667
Chelakara,10.7,76.35
Chelavaram,13.238056,80.160556
Chelur,13.443333,76.905
Chelur,13.7,78.1
Chengalpat,12.7,79.983333
Chengalpattu,12.7,79.983333
Chengam,12.3,78.8
Chengannur,9.333333,76.633333
Chennai,13.083333,80.283333
Chennapatnam,13.083333,80.283333
Chennapuri,13.083333,80.283333
Chennimalai,11.166667,77.616667
Chennur,14.15,79.816667
Chennuru,14.15,79.816667
Chepauk,13.059444,80.278889
Cherambadi,11.533333,76.283333
Cheranmahadevi,8.683333,77.566667
Cherian Nagar North,13.14,80.3
Cherian Nagar South,13.137778,80.299167
Cherlopalle,13.833333,78.633333
Cherlopalli,13.833333,78.633333
Cheruppulasseri,10.866667,76.333333
Cheruthuruthi,10.733333,76.283333
Cheruvalli,9.533333,76.766667
Chetpat,13.07,80.240833
Chetpet,13.07,80.240833
Chetput,12.466667,79.35
Chettikulam,8.15,77.6
Chettipalaiyam,10.9,77.066667
Chettipalayam,10.9,77.066667
Chettippattu,13.016667,80.016667
Chetwagi,10.533333,76.05
Chetwayi,10.533333,76.05
Cheyur,12.348056,80.004722
Cheyyar,12.666667,79.55
Cheyyur,12.348056,80.004722
Chidambaram,11.4,79.7
Chik Ballapur,13.434167,77.724167
Chik Banavar,13.091944,77.492222
Chikjajur,14.133333,76.15
Chiknayakanhalli,13.417222,76.622778
Chilamannuru,13.916667,79.7
Chilamatturu,13.843333,77.706389
Chillakur,14.133333,79.866667
Chimidithe,14.133333,79.75
Chingleput,12.7,79.983333
Chinkurali,12.537778,76.600556
Chinkurli,12.537778,76.600556
Chinmaya Nagar,13.051667,80.194444
Chinna Dharapuram,10.85,77.866667
Chinna Salem,11.65,78.9
Chinnakudal,13.074444,80.221667
Chinnamandem,13.933333,78.666667
Chinnamanur,9.833333,77.383333
Chinnammanur,9.833333,77.383333
Chinnasekkadu,13.165278,80.26
Chintadripet,13.074444,80.271389
Chintamani,13.4,78.066667
Chitdambaram,11.4,79.7
Chittambalam,10.966667,77.283333
Chittamur,12.416667,79.9
Chittanahalli,13.149722,76.878611
Chittoor,13.2,79.116667
Chittor,13.2,79.116667
Chittur,10.7,76.75
Chittur-Cochin,10.7,76.75
Chitturu,13.2,79.116667
Chitvel,14.166667,79.333333
Chitwye,10.533333,76.05
Cholapuram,9.366667,77.583333
Cholavandan,10.016667,77.966667
Cholavaram,13.238056,80.160556
Choolai,13.089722,80.268889
Choolai Medu,13.057778,80.226667
Chowghat,10.533333,76.05
Chromepet,12.95,80.133333
Chrompet,12.95,80.133333
Chunampet,12.266667,79.916667
Chunampettai,12.266667,79.916667
Chunchanakatte,12.5,76.3
Chunchankatte,12.5,76.3
Cikal,11.233333,79.733333
City of Lord Anantha,8.506944,76.956944
Closepet,12.716667,77.3
Cochin,9.966667,76.233333
Coilnapatam,8.566667,78.116667
Coilum,8.880556,76.591667
Coimbatore,10.9925,76.961389
Collegal,12.15,77.116667
Comorin,8.076111,77.548333
Conjeeveram,12.833333,79.716667
Conjevaram,12.833333,79.716667
Conjeveram,12.833333,79.716667
Coonoor,11.35,76.816667
Coromandal,13.45,80.316667
Coromandel,13.45,80.316667
Courtalam,8.916667,77.283333
Courtallam,8.916667,77.283333
Covelong,12.787778,80.249444
Cranganore,10.222222,76.199167
Cranganur,10.222222,76.199167
Cuddalore,11.75,79.75
Cundacudvu,9.85,76.266667
Cuvaimalai,10.95,79.333333
Dalasanur,13.283333,78.166667
Dalavaypattanam,10.666667,77.483333
Dalavoipatnam,10.666667,77.483333
Damalcheruvu,13.483333,79.05
Danagalli,12.2,76.566667
Danayanicheruvu,14.066667,78.366667
Dandei Sivaram,12.766667,79.783333
Dandiganahalli,12.9775,76.279167
Danishpet,11.866667,78.15
Dasampatti,12.25,78.45
Dasiripuram,13.124167,80.03
Daulatabad,12.516667,78.233333
Denkanikota,12.533333,77.8
Desinganadu,8.880556,76.591667
Desur,12.433333,79.483333
Devadanapatti,10.15,77.65
Devadanappatti,10.15,77.65
Devakapuram,12.5,79.25
Devakottai,9.95,78.816667
Devala,11.483333,76.4
Devalapura,12.813333,76.866667
Devandavakkam,13.246944,79.917222
Devanhalli,13.2325,77.699167
Devannur,13.428056,76.0975
Devanur,13.428056,76.0975
Devaraipatna,13.333333,77.15
Devarayapatna,13.333333,77.15
Devarkulam,8.95,77.633333
Devarkulara,8.95,77.633333
Devikapuram,12.5,79.25
Devikolam,10.066667,77.083333
Devikulam,10.066667,77.083333
Devipatam,9.483333,78.9
Devipattana,9.483333,78.9
Devipattanam,9.483333,78.9
Devipattinam,9.483333,78.9
Devlkapuram,12.5,79.25
Deyalapura,12.813333,76.866667
Dhali,10.5,77.166667
Dhanagalli,12.2,76.566667
Dhanushkodi,9.183333,79.4
Dharapuram,10.733333,77.516667
Dharmapura,14.066667,76.866667
Dharmapuram,10.916667,79.816667
Dharmapuri,12.133333,78.166667
Dhundgal,10.35,77.95
Dimbam,11.633333,77.15
Dindigul,10.35,77.95
Dobbspet,13.229722,77.239167
Doctor Radhakrishna Nagar,13.129722,80.283889
Doctor Radhakrishna Nagar South,13.115833,80.2775
Doctor Vijayaraghavulu Nagar,13.110278,80.279167
Dod Ballapur,13.291944,77.543056
Dodbelvangala,13.2875,77.419444
Dodda Gaudanakoppal,12.583333,76.65
Dodda Kanya,12.166667,76.633333
Dodda Katur,12.166667,76.6
Dodda Magge,12.690833,76.084167
Doddaguni,13.332778,76.753056
Doddainagge,12.690833,76.084167
Doddegowdankoppal,12.583333,76.65
Donnakuttahalli,12.016667,77.9
Doveton,13.085,80.261389
Dudda,13.084444,76.210556
Dugarajupatnam,13.966667,80.15
Dugarazpatam,13.966667,80.15
Dugarazpatnam,13.966667,80.15
Dugarazupatnam,13.966667,80.15
Dundigal,10.35,77.95
Durga Nagar,13.124444,80.276944
Durgadahalli,13.366667,77.2
Durgarajupatnam,13.983333,80.15
Dusi,12.766667,79.683333
Eagangipuram,13.101667,80.244722
Edapal,10.766667,76.016667
Edapalli,10.033333,76.3
Edapally,10.033333,76.3
Edappal,10.766667,76.016667
Edappalli,10.033333,76.3
Edavanna,11.216667,76.15
Edayar,10.933333,76.1
Edayur,10.933333,76.1
Edirkottai,9.366667,77.733333
Edmpalaiyam,13.224722,80.12
Egmore,13.071667,80.255556
Ekkattuthangal,13.020833,80.198056
Elamattur,9.433333,76.716667
Elananasur,11.716667,79.183333
Elandacheri,13.187222,80.27
Elandangudi,11.033333,79.65
Elavanacur,11.716667,79.183333
Elavanasur,11.716667,79.183333
Elavansur,11.716667,79.183333
Elayirampannai,9.266667,77.833333
Elivala,12.359167,76.533333
Elladakere,13.783056,76.5725
Ellasiri,13.933333,80.033333
Ellaturu,10.733333,80.016667
Elumalai,9.866667,77.7
Elur,10.066667,76.283333
Embal,10.016667,78.966667
Enadi,10.483333,79.316667
Ennore,13.2475,80.325278
Ennur,13.2475,80.325278
Eppodumvenran,9.033333,78.066667
Eraballi,14.1,76.65
Eral,8.633333,78.016667
Eranavur,13.196944,80.307222
Eraniel,8.2,77.3
Erattupetta,9.7,76.783333
Eratupeta,9.7,76.783333
Erayu,13.213889,79.938611
Eriyodi,10.533333,78.066667
Eriyodu,10.533333,78.066667
Ernacolum,9.983333,76.283333
Ernakulam,9.983333,76.283333
Erniyur,9.4,78.933333
Erode,11.35,77.733333
Erpedu,13.683333,79.6
Erraguntla,13.966667,79.283333
Erraguntlakota,13.966667,79.283333
Erravaripalem,13.716667,79.15
Erukkancheri,13.125556,80.253056
Erukkandurai,8.183333,77.633333
Erumaippatti,11.166667,78.283333
Erumaivettippalaiyam,13.239722,80.117778
Eruru,14.166667,80.05
Esanai,11.316667,78.833333
Etakkare,11.35,76.316667
Ettaiyapuram,9.15,77.983333
Ettapur,11.666667,78.483333
Ettumanur,9.666667,76.566667
Fort,10.833333,78.7
Fort Cochin,9.966667,76.233333
Fort Dansborg,11.031944,79.852778
Fort Saint David,11.733333,79.783333
French Rocks,12.500556,76.673333
Gaddige,12.193889,76.371667
Gadigarpalya,13.216667,77.433333
Gaingundaun,8.85,77.783333
Galivedu,14.033333,78.5
Ganapathivattam,11.665833,76.263056
Ganapathivattom,11.665833,76.263056
Gandamanayakkanur,9.916667,77.533333
Gandarvakottai,10.6,79.016667
Gandasi,13.153056,76.306667
Gandharvakota,10.6,79.016667
Gandhi Nagar,13.006389,80.254167
Gandhinagao,13.006389,80.254167
Ganesapuram,12.990833,80.213056
Gangadevepalle,14.15,79.733333
Gangaikondan,8.85,77.783333
Gangaikondapuram,11.216667,79.45
Gangalkondan,8.85,77.783333
Gangavalli,11.483333,78.65
Ganjigunti,13.483333,77.983333
Garnimitta,13.816667,78.9
Gauibidanur,13.611111,77.516667
Gauribidanur,13.611111,77.516667
Gavunipalli,13.5,78.233333
George Town,13.093611,80.287778
Gettavadi,11.666667,76.9
Ghattu,13.666667,78.333333
Gingee,12.25,79.416667
Girijapara,13.683333,76.05
Giriyapura,13.683333,76.05
Gobichettipalaiyam,11.466667,77.45
Gobichettipalayam,11.466667,77.45
Gobichettipalyam,11.466667,77.45
Golden Rock,10.8,78.733333
Golhalli,13.166667,77.4
Gollapalem,14.1,79.8
Gopalapuram,13.047222,80.257778
Gopichettipalaiyam,11.466667,77.45
Gopinattam,12.066667,77.716667
Gorantla,13.989167,77.770278
Goribidnur,13.611111,77.516667
Gorur,12.819444,76.071667
Govindapuram,13.888611,77.222222
Grace Garden,13.116944,80.296389
Grama,12.981667,76.217778
Gubbi,13.310556,76.944444
Gudali,14.016667,80.016667
Gudalur,11.75,79.75
Gudemaranhalli,13.051389,77.262778
Gudibanda,13.669444,77.698333
Gudimangalam,10.683333,77.283333
Gudipalle,12.783333,78.25
Gudipalli,12.783333,78.25
Gudiyattam,12.95,78.866667
Gudraippattu,12.166667,79.6
Guduvancheri,12.8425,80.063889
Guindy,13.008056,80.219444
Gulur,13.298611,77.089444
Gummidipundi,13.4,80.15
Gummudipundi,13.4,80.15
Gundalpet,11.8,76.683333
Gundlupet,11.8,76.683333
Gunduperumbedu,12.915556,79.97
Gurramkonda,13.783333,78.583333
Gurrumkonda,13.783333,78.583333
Guruvayal,13.228889,80.069444
Guruvayur,10.6,76.05
Guruvegowdanhundi,11.6,76.683333
Guruvegowdenhundi,11.6,76.683333
Guttur,14.183333,77.633333
Gutturu,14.183333,77.633333
Hachal Karuk l,9.5,76.633333
Hagalvadi,13.5225,76.748333
Halgur,12.433333,77.233333
Halli Mysore,12.655833,76.26
Hampapura,12.119722,76.47
Hamur,12.083333,77.283333
Hanur,12.083333,77.283333
Haradanahalli,11.866667,76.933333
Haradanhalli,11.866667,76.933333
Haranhalli,13.249722,76.222778
Haripad,9.3,76.466667
Harohalli,12.318056,76.781389
Harur,12.066667,78.5
Hassan,13.000556,76.099444
Hebbur,13.149722,77.029167
Hediyal,11.933333,76.483333
Heggadadevankote,12.088333,76.328333
Heggaddevankote,12.088333,76.328333
Hindiganal,13.2325,77.915833
Hindupur,13.828889,77.493333
Hirisave,12.951667,76.578611
Hiriyur,13.945556,76.619167
Hirod,12.500556,76.673333
Hodigere,14.033333,76
Holalkere,14.033333,76.183333
Holavanahalli,13.537222,77.301111
Holavanhall,13.537222,77.301111
Holavanhalli,13.537222,77.301111
Hole Narsipur,12.782778,76.243056
Honakere,12.7,76.7
Honganur,11.983333,77.05
Honganur-Banganur,12.6,77.233333
Honnavalli,13.338333,76.388333
Honnekere,12.566667,77.966667
Honnudike,13.213333,77.122222
Honudaki,13.213333,77.122222
Hosa Kannambadi,12.448889,76.571944
Hosadurga,13.798056,76.286111
Hosahalli,13.447222,77.444722
Hosdurga,13.798056,76.286111
Hoshalli,13.447222,77.444722
Hoskote,13.066944,77.798333
Hosur,12.716667,77.816667
Hosuru,13.586667,77.419167
Hudugur,13.681667,77.525278
Huduguru,13.681667,77.525278
Hulikunte,13.995833,76.916667
Huliyar,13.585278,76.543611
Huliyurdurga,12.816667,77.033333
Hulkur,13.428056,76.351667
Hullahalli,12.095,76.554167
Hullenhalli,13.233333,77.116667
Hullyurdurga,12.816667,77.033333
Hunsur,12.3075,76.287778
Hura,12.008889,76.53
Ichchiputtur,13.116667,79.65
Idaiseval,9.083333,77.816667
Idaiyakottai,10.616667,77.833333
Idaiyankudiyiruppu,8.316667,77.883333
Idappadi,11.583333,77.85
Idiaki,9.85,76.966667
Idikki,9.85,76.966667
Idindakarai,8.183333,77.75
Idingikari,8.183333,77.75
Idukki,9.85,76.966667
Ikkadu,13.1575,79.919444
Ilaiyankudi,9.633333,78.633333
Ilaiyarasanendal,9.216667,77.8
Ilampalli,11.216667,77.9
Ilampillai,11.6,78
Ilangakkurichchi,10.533333,78.35
Ilattur,9,77.3
Ilayangudi,9.633333,78.633333
Illuppur,10.516667,78.633333
Iluppur,10.516667,78.633333
Indira Nagar,12.996667,80.253056
Indur,12.133333,78.066667
Iraiyanaraiyur,11.716667,79.183333
Iraiyur,11.8,79.2
Ïrakam,13.566667,80.166667
Irimbranallur,10.516667,76.1
Irinjalakuda,10.333333,76.233333
Irugur,11.016667,77.066667
Irumbedu,12.95,80.002222
Irumeni,9.3,79.033333
Irundai,11.766667,79.383333
Irungattukottai,12.996389,79.990833
Isanattam,10.716667,78.016667
Jadgenhalli,13.05,77.85
Jadigenahalli,13.05,77.85
Jadigenahally,13.05,77.85
Jaffarkhanpet,13.027778,80.215556
Jagadapatnam,9.95,79.183333
Jagadevi,12.483333,78.333333
Jagadevipalaiyam,12.483333,78.333333
Jalahalli,13.033333,77.55
Jalakandapuram,11.7,77.883333
Jalakantapuram,11.7,77.883333
Jalarpet,12.566667,78.583333
Jalhalli,13.033333,77.55
Jambuli,13.137778,80.238333
Janakal,13.923056,76.296667
Jangamakote,13.265833,77.848333
Jangamkote,13.265833,77.848333
Javagal,13.303333,76.059722
Javagallu,13.303333,76.059722
Javanagondanahalli,13.842222,76.728611
Jawaharnagar,13.110833,80.2275
Jayamkondacholapuram,11.216667,79.366667
Jayampu,14.033333,79.716667
Jayankondacholpuram,11.216667,79.366667
Jeeva Nagar North,13.138333,80.293056
Jeeva Nagar South,13.133889,80.291944
Jigani,12.766667,77.65
Jolarpettai,12.566667,78.583333
Juindy,13.008056,80.219444
Kabbur,12.683333,76.3
Kachchirayapalaiyam,11.766667,78.866667
Kadaiyam,8.816667,77.383333
Kadaiyanallur,9.083333,77.35
Kadakal,8.833333,76.916667
Kadakkal,8.833333,76.916667
Kadakola,12.194444,76.663056
Kadaladi,12.4,78.966667
Kadalkudi,9.233333,78.233333
Kadambattur,13.1,79.866667
Kadambatur,13.1,79.866667
Kadambur,8.983333,77.866667
Kadapatra,13.783333,80.166667
Kadattur,12.083333,78.283333
Kadatur,12.083333,78.283333
Kadavur,10.583333,78.183333
Kadayam,8.816667,77.383333
Kadayanallur,9.083333,77.35
Kadiri,14.116667,78.166667
Kadiyampatti,11.866667,78.116667
Kadungaiyur,13.133333,80.246944
Kadur,13.553333,76.013056
Kaduthuruthi,9.75,76.5
Kaduturutti,9.75,76.5
Kaglipur,12.8,77.5
Kaikalapettai,13.021944,80.120556
Kailar,8.7,77.116667
Kailidaikorichchi,8.666667,77.483333
Kaivar,13.35,77.983333
Kaivara,13.35,77.983333
Kakanakote,11.9,76.2
Kakankote,11.9,76.2
Kakkad,9.883333,76.483333
Kakkamuli,10.883333,79.8
Kaklur,13.138611,79.928889
Kaladi,10.166667,76.433333
Kalady,10.166667,76.433333
Kalakad,8.5,77.566667
Kalakada,13.816667,78.8
Kalakkadu,8.5,77.566667
Kalale,12.079722,76.672778
Kalapettai,12.033333,79.866667
Kalasapakam,12.416667,79.1
Kalasapakkam,12.416667,79.1
Kalavai,12.766667,79.416667
Kalaval,12.766667,79.416667
Kalial,8.4,77.3
Kalicherla,13.883333,78.533333
Kalikavu,11.166667,76.333333
Kalikiri,13.633333,78.8
Kalikri,13.633333,78.8
Kalikumarapuram,8.266667,77.85
Kalkadambur,11.633333,77.35
Kallagundi,13.484167,76.268889
Kallakkurichchi,11.733333,78.966667
Kallal,9.983333,78.666667
Kallambella,13.631111,76.928056
Kallamchavadi,12.953056,80.130833
Kallana,10.266667,76.6
Kallapet,12.033333,79.866667
Kallar-Bridge,8.7,77.116667
Kallidaikurichchi,8.666667,77.483333
Kalligudi,9.7,77.983333
Kallimandayam,10.583333,77.683333
Kallimanthayam,10.583333,77.683333
Kallimodu,10.483333,79.816667
Kallupatti,9.716667,77.866667
Kallur,13.566667,79
Kalluru,13.566667,79
Kalpakkam,12.566667,80.166667
Kalpakkan,12.566667,80.166667
Kalpatta,11.610556,76.082222
Kalpetta,11.610556,76.082222
Kalugumalai,9.15,77.716667
Kalugumali,9.15,77.716667
Kalvadi,12.216667,76.616667
Kalyadi,13.242222,76.148611
Kamanaickanpalaiyam,10.9,77.233333
Kamanayakkanpalaiyam,10.9,77.233333
Kamaraja Nagar,13.039167,80.220278
Kamaravalli,12.883333,76.583333
Kambam,9.733333,77.3
Kambar Nagar,13.111667,80.213611
Kambu,10.416667,77.266667
Kammankatteri,12.850556,79.973333
Kamsandra,12.866667,78.2
Kamudi,9.416667,78.366667
Kamuti,9.416667,78.366667
Kanadukathan,10.166667,78.783333
Kanadukattan,10.166667,78.783333
Kanagari,9.7,76.55
Kanakamachutram,13.216667,79.766667
Kanakammachattram,13.216667,79.766667
Kanakapura,12.55,77.416667
Kanakarry,9.7,76.55
Kanakatte,13.515556,76.321111
Kanakatti,13.515556,76.321111
Kanakpura,12.55,77.416667
Kanambadi,12.448889,76.571944
Kanatu,10.166667,78.783333
Kanatukattan,10.166667,78.783333
Kancheepuram,12.833333,79.716667
Kanchipuram,12.833333,79.716667
Kandakkadava,9.85,76.266667
Kandalike,11.883333,76.433333
Kandigai,12.843333,79.921944
Kandikere,13.526111,76.62
Kandili,12.5,78.45
Kandiramanikkam,10.066667,78.633333
Kandivalli,11.116667,76.8
Kandlramanikkam,10.066667,78.633333
Kandramanikam,10.066667,78.633333
Kandukur,13.75,78.166667
Kandur,13.55,78.766667
Kandur,12.95,79.833333
Kanduru,13.55,78.766667
Kangareddikuppam,13.122778,79.996111
Kangayam,11,77.566667
Kangazha,9.516667,76.7
Kangundi,12.75,78.433333
Kaniyambadi,12.816667,79.15
Kaniyambetta,11.7,76.1
Kanjaripalli,9.566667,76.8
Kanjippuram,12.833333,79.716667
Kanjirapalli,9.566667,76.8
Kankanhalli,12.55,77.416667
Kannadi,9.95,76.816667
Kannadi Camp Shed,9.95,76.816667
Kannadiyanpalaiyam,13.016667,80.033333
Kannandahalli,12.416667,78.383333
Kannandahally,12.416667,78.383333
Kannanur,10.933333,78.733333
Kanniakumari,8.076111,77.548333
Kanniyakumar,8.076111,77.548333
Kanniyakumari,8.076111,77.548333
Kanyakumari,8.076111,77.548333
Kapdukur,13.75,78.166667
Karadi,13.290556,76.571667
Karai,11.116667,78.833333
karaikal,10.916667,79.833333
Karaikkudi,10.066667,78.783333
Karaikudi,10.066667,78.783333
Karakachal,9.5,76.633333
Karakkamangal,12.866111,80.033056
Karamadai,11.266667,76.966667
Karambakkudi,10.466667,79.133333
Karambakuduy,10.466667,79.133333
Karanguli,12.55,79.9
Karasangal,12.8975,80.043889
Karatholuvu,10.633333,77.366667
Karattoluvu,10.633333,77.366667
Karayur,12.3,77.983333
Kariapatti,9.7,78.1
Karikal,10.916667,79.833333
Karimanal,13.45,80.316667
Karimangalam,12.316667,78.2
Karimbula,10.916667,76.433333
Karimkannum,9.85,76.683333
Karimkunnum,9.85,76.683333
Karimpuzha,10.916667,76.433333
Karivamangalam,12.266667,78.833333
Kariyamangalam,12.266667,78.833333
Kariyapatnam,10.466667,79.733333
Kariyapatti,9.7,78.1
Kariyapattinam,10.466667,79.733333
Karkkangudi,10.933333,79.766667
Karukachal,9.5,76.633333
Karukkampundi,13.220833,79.9725
Karumattampatti,11.116667,77.183333
Karumbakham,12.699167,80.093333
Karumbakkam,12.699167,80.093333
Karunagapalli,9.1,76.55
Karunanidhi Nagar,13.133333,80.278611
Karungalpatti,10.733333,77.983333
Karungulam,8.166667,77.583333
Karunguli,12.55,79.9
Karuppur Kodali,11.15,79.416667
Karupput Kodali,11.15,79.416667
Karur,10.95,78.083333
Karurapadna,10.266667,76.2
Karuvapadna,10.266667,76.2
Karuvarakkundu,11.133333,76.333333
Karuvarakundu,11.133333,76.333333
Karuvarkunou,11.133333,76.333333
Karvetnagar,13.416667,79.45
Kashakuttam,8.566667,76.9
Kasturiba Nagar,12.996944,80.256389
Katpadi,12.983333,79.133333
Kattampatti,10.8,77.166667
Kattanam,9.183333,76.55
Katte Malalawadi,12.353333,76.293333
Kattivakkam,13.216667,80.316667
Kattrivedu,13.137778,80.204444
Kattumavadi,10.133333,79.233333
Kattupputtur,10.983333,78.233333
Kattuputtur,10.983333,78.233333
Katumavadi,10.133333,79.233333
Katuputur,10.983333,78.233333
Katyanakuppam,13.162778,79.943889
Kaudhalli,12.066667,77.433333
Kaumuri,9.416667,78.366667
Kavalandi,12.027778,76.795833
Kavanur,12.995833,80.074444
Kavaraipettai,13.35,80.15
Kavarapettai,13.35,80.15
Kaveripak,12.9,79.466667
Kaveripatnam,12.416667,78.233333
Kaveripattanam,11.133333,79.85
Kaveripattinam,12.416667,78.233333
Kaverippattanam,12.416667,78.233333
Kavundapadi,11.416667,77.566667
Kavundappadi,11.416667,77.566667
Kavvur,9.683333,78.85
Kayalpatnam,8.566667,78.116667
Kayalpattinam,8.566667,78.116667
Kayalpatuam,8.566667,78.116667
Kayamkulam,9.183333,76.5
Kayangulam,9.183333,76.5
Kayankulam,9.183333,76.5
Kayatar,8.95,77.8
Kayattar,8.95,77.8
Kazhakuttam,8.566667,76.9
Kazhakuttani,8.566667,76.9
Keelamangalam,10.083333,77.616667
Kelamangalam,12.6,77.85
Kelambakkam,12.8,80.229722
Kelamnagalam,12.6,77.85
Kengeri,12.9,77.483333
Keranaipudchcheri,12.847222,80.086667
Kesturu,12.7,77.066667
Kibbanahalli,13.307778,76.647778
Kikkeri,12.763056,76.425278
Kil,8.816667,77.383333
Kil Kasakkudi,10.95,79.833333
Kil Kundiyar,13.178333,80.044167
Kil Valur,10.766667,79.733333
Kilachcheri,13.016667,79.85
Kilacheri,13.016667,79.85
Kilaiyur,11.133333,79.85
Kilakarai,9.233333,78.783333
Kilakari,9.233333,78.783333
Kilakkettara,10.616667,76.7
Kilanjini,9.666667,78.75
Kilanjunai,9.666667,78.75
Kilanu,13.194167,79.959722
Kilcheri,13.016667,79.85
Kilimanur,8.75,76.866667
Kiliyanur,12.116667,79.75
Kilkattalai,12.956667,80.181667
Kilmangalam,10.083333,77.616667
Kilpadappai,12.884167,80.030833
Kilpaluvur,11.066667,79.083333
Kilpauk,13.08,80.240833
Kilpauk Garden,13.085556,80.237778
Kiluparamba,11.266667,76.016667
Kilvelur,10.766667,79.733333
Kilvelure,10.766667,79.733333
Kinattukkadavu,10.816667,77.016667
Kirambur,11.2,78.116667
Kiranur,10.566667,78.783333
Kivalur,13.008333,80.016389
Kizhake Chalakudi,10.3,76.35
Kizhakkettara,10.616667,76.7
Kizhillam,10.066667,76.533333
Klaniunai,9.666667,78.75
Kochi,9.966667,76.233333
Kodaikan,10.233333,77.483333
Kodaikanal,10.233333,77.483333
Kodambakkam,13.048056,80.221389
Kodanad,11.516667,76.916667
Kodanadu,11.516667,76.916667
Kodandaramaswami,9.233333,79.35
Kodangiyur,13.133333,80.246944
Kodiganballi,13.72,77.390278
Kodigenahalli,13.72,77.390278
Kodigeri,10.283333,79.816667
Kodihalili,12.433333,77.5
Kodihalli,12.433333,77.5
Kodikonda,13.833889,77.780556
Kodikulam,9.983333,79.2
Kodiyakkarai,10.283333,79.816667
Kodumudi,11.083333,77.883333
Kodungaiyur,13.130556,80.258333
Kodungallur,10.222222,76.199167
Kodur,13.966667,79.35
Kodur,12.46,80.100556
Koduru,13.966667,79.35
Koilnattam,11.716667,77.466667
Koiloor,10.083333,78.75
Koilpatti,9.166667,77.866667
Koilthottum,8.983333,76.533333
Koimbatore,10.9925,76.961389
Kokkanti,13.933333,78.266667
Kolachel,8.166667,77.25
Kolakambe,11.283333,76.733333
Kolapakkam,12.870833,80.107778
Kolar,13.133333,78.133333
Kolattupula,8.9,77.066667
Kolattupuzha,8.9,77.066667
Kolinivadi,10.733333,77.566667
Kolinjampara,10.733333,76.85
Kolinjivadi,10.733333,77.566667
Kolitottattutura,8.983333,76.533333
Kolitottattuturu,8.983333,76.533333
Kolkai,8.633333,78.066667
Kollam,8.880556,76.591667
Kollangod,10.616667,76.7
Kollegal,12.15,77.116667
Kollegalam,12.15,77.116667
Kollengode,10.616667,76.7
Komagambedu,13.193611,80.0275
Komaleeswaranpet,13.064444,80.268611
Komarakshi,11.316667,79.65
Komaratchi,11.316667,79.65
Komattiyur,12.6,78.883333
Kombai,9.833333,77.316667
Kombu,10.416667,77.266667
Komebai,9.833333,77.316667
Kommarahalli,12.566667,76.9
Konalur,12.166667,79.183333
Konanur,12.626389,76.054167
Kondagunta,14.083333,79.8
Kondakarainattam,13.235833,80.273056
Kondakomarla,14.083333,77.95
Kondakumerla,14.083333,77.95
Kondalseri,8.8,76.666667
Kondur,14.016667,80.116667
Konen Agrahar,12.95,77.666667
Kongad,10.866667,76.533333
Konganapuram,11.583333,77.916667
Koni,9.233333,76.866667
Konni,9.233333,76.866667
Konnur,13.116667,80.213333
Koothanallur,10.7,79.533333
Koppur,13.0725,79.9625
Koradachcheri,10.766667,79.483333
Koradacheri,10.766667,79.483333
Koradi,13.766667,80.133333
Korampallam,8.766667,78.1
Koratagere,13.522778,77.233056
Korathru,13.113611,80.1925
Korattur,13.075556,80.023889
Korkai,8.633333,78.066667
Kormangal,12.933333,77.616667
Kormangala,12.933333,77.616667
Korukkpet,13.117222,80.28
Korukkupet,13.117222,80.28
Kosappur,13.179167,80.231667
Kosapuram,13.9,78.666667
Kosavanpalaiyam,13.093611,80.018333
Ko-Su-Mani Nagar,13.053333,80.235833
Kota,14.033333,80.05
Kotagiri,11.433333,76.883333
Kotamangalam,10.066667,76.633333
Kotapatam,9.983333,79.2
Kotapilli,8.15,77.6
Kotattupuzha,8.9,77.066667
Kotayam,9.583333,76.516667
Kothawal Chavadi,13.071111,80.2
Kotivakkam,12.973611,80.256944
Kottagudi,10.066667,77.266667
Kottaipatnam,9.983333,79.2
Kottaippattanam,9.983333,79.2
Kottaiyur,10.116667,78.816667
Kottakkal,11,76.016667
Kottakota,13.666667,78.266667
Kottamangalam,11.5,77.133333
Kottampatti,10.216667,78.383333
Kottampatty,10.216667,78.383333
Kottapatnam,14.116667,80.116667
Kottapattinam,9.983333,79.2
Kottapeta,14.1,78.95
Kottappatti,11.966667,78.666667
Kottar,8.9,76.733333
Kottara,8.9,76.733333
Kottarakara,9,76.8
Kottatti,12.483333,76.866667
Kottayam,9.583333,76.516667
Kottuchcheri,10.95,79.816667
Kottucheri,10.95,79.816667
Kottur,10.616667,79.566667
Kotturpuram,13.015556,80.246667
Kovai,10.9925,76.961389
Kovakulam,8.083333,77.55
Kovalam,8.366667,76.996667
Kovalam,12.787778,80.249444
Kovilam,8.366667,76.996667
Kovilancheri,12.882222,80.169722
Kovillur,8.466667,77.2
Kovilnattam,11.716667,77.466667
Kovilpatti,9.166667,77.866667
Kovilur,10.083333,78.75
Kowdhalli,12.066667,77.433333
Koyambattur,10.9925,76.961389
Koyambedu,13.072222,80.201389
Koyamuttur,10.9925,76.961389
Kozhancheri,9.35,76.7
Kozhencheri,9.35,76.7
Kozhinjampara,10.733333,76.85
Krishnagiri,12.533333,78.233333
Krishnampet,13.045833,80.280833
Krishnarajasagara,12.436667,76.382778
Krishnarajpet,12.655,76.488333
Krishnarajpur,13.008333,77.691111
Kuchi Bandar,9.966667,76.233333
Kudalur,11.75,79.75
Kudangulam,8.2,77.7
Kudavasa,10.85,79.483333
Kudavasal,10.85,79.483333
Kudayattur,9.8,76.8
Kuduru,13.108889,77.162778
Kukkal,10.3,77.333333
Kulakambai,11.283333,76.733333
Kulasegaram,8.366667,77.3
Kulasekarapatnam,8.4,78.05
Kulasekharam,8.366667,77.3
Kulasekharapatnam,8.4,78.05
Kulathur,9.016667,78.2
Kulattur,10.933333,76.166667
Kulattur,10.7,78.55
Kulittalai,10.916667,78.416667
Kullakamby,11.283333,76.733333
Kullamalai,8.880556,76.591667
Kullanchavadi,11.633333,79.683333
Kullattur,12.941944,80.194722
Kullichettippatti,10.1,77.85
Kumaragam,9.6,76.433333
Kumaraham,9.6,76.433333
Kumaralingam,10.5,77.333333
Kumaran Nagar,13.124167,80.281111
Kumarasamy Nagar North,13.113889,80.2825
Kumaraswamy Nagar South,13.114722,80.279722
Kumbakonam,10.966667,79.383333
Kumbalgod,12.866667,77.433333
Kumudi,9.966667,76.933333
Kunamkulam,10.65,76.083333
Kundadam,10.833333,77.45
Kundal,8.266667,77.85
Kunigal,13.022222,77.026667
Kunnamkulam,10.65,76.083333
Kunnattur,11.266667,77.416667
Kunnatur,12.35,78.516667
Kuppam,12.75,78.366667
Kuppam,13.140556,80.251111
Kurabalakota,13.65,78.483333
Kuravalangad,9.75,76.566667
Kurichchi,11.566667,77.7
Kurinjipadi,11.566667,79.6
Kurinjippadi,11.566667,79.6
Kurralam,8.916667,77.283333
Kurukkuchalai,8.916667,78.1
Kurukuchalai,8.916667,78.1
Kurumandur,11.433333,77.35
Kuruvimedu,13.2225,80.276389
Kusapet,13.111667,80.293056
Kuthiathode,9.8,76.333333
Kutiatodu,9.8,76.333333
Kutipuram,10.833333,76.066667
Kuttalam,11.1,79.55
Kuttambakkam,13.056944,80.0275
Kuttampuzha,10.15,76.733333
Kuttanallur,10.7,79.533333
Kuttankuli,8.15,77.6
Kuttapuli,8.15,77.6
Kuttaputi,8.15,77.6
Kuttathulam,9.866667,76.6
Kuttattukulam,9.866667,76.6
Kutti Paracheri,13.066667,80.233333
Kuttippuram,10.833333,76.066667
Kuvathur,12.45,80.116667
Kuvattur,12.45,80.116667
Kuzhithurai,8.316667,77.183333
Kuzhittura,8.316667,77.183333
Kyatsandra,13.320556,77.1375
Ladapuram,11.233333,78.733333
Lakkidi,10.75,76.433333
Lakkireddipalle,14.166667,78.7
Lakkireddipalli,14.166667,78.7
Lakkiti,10.75,76.433333
Lalam,9.716667,76.7
Lalgudi,10.866667,78.833333
Laligam,12.05,78.15
Latteri,12.966667,79.066667
Lepakshi,13.815556,77.601389
Lluppur,13.0525,79.953611
Lokamaleswaram,10.216667,76.2
Lokkanahalli,12.016667,77.25
Lokkanhalli,12.016667,77.25
Lukkadi,10.75,76.433333
Maananthavaadi,11.803056,76.003889
Machiurani,9.266667,79.033333
Madakasira,13.936944,77.269444
Madambakkam,12.8525,80.046667
Madanapalle,13.55,78.5
Madattukkulam,10.566667,77.35
Madavakam,13.094167,80.245833
Madavaram,13.149167,80.236667
Maddagiri,13.660556,77.209167
Maddur,12.6,77.066667
Madeswaramalai,12.05,77.6
Madhavaram,13.149167,80.236667
Madhudi,13.822778,77.020556
Madhugiri,13.660556,77.209167
Madipakkam,12.9725,80.209167
Madras,13.083333,80.283333
Madras Chetput,13.07,80.240833
Madras Egmore,13.071667,80.255556
Madras Mylapore,13.029167,80.270833
Madras Nungambakan,13.060556,80.234444
Madras Perambur,13.110278,80.2425
Madras Rayapuram,13.107222,80.295278
Madras Saint Thomas Mount,12.996389,80.203056
Madras Thyagarayanagar,13.039444,80.24
Madras Triplicane,13.055,80.276667
Madras Vepery,13.084722,80.2675
Madraspatnam,13.083333,80.283333
Madukarai,10.9,76.966667
Madukkarai,10.9,76.966667
Madukkur,10.483333,79.4
Madura,9.933333,78.116667
Madurai,9.933333,78.116667
Maduraivayal,13.063056,80.171944
Madurantakam,12.516667,79.9
Maduvanahalli,12.15,77.133333
Maduvanhalli,12.15,77.133333
Magadi,12.966667,77.233333
Magaral,13.204722,80.045278
Mahabalipur,12.626389,80.172222
Mahabalipuram,12.626389,80.172222
Mahadevi,11.15,78.4
Mahal,13.783333,78.766667
Mahapalipuram,12.626389,80.172222
Maharajagadai,12.616667,78.25
Mahisur,12.307222,76.649722
Mailore,10.05,78.333333
Maisandra,13.090556,76.761667
Maisur,12.307222,76.649722
Maisuru,12.307222,76.649722
Makarachal,10.2,76.716667
Makkalpudur,11.333333,78.133333
Mala,10.25,76.266667
Malabar,9.966667,76.233333
Malaipattu,12.925556,80.008056
Malaiyadivaram,10.866667,78.383333
Malaiyadvaram,10.866667,78.383333
Malaiyandipattanam,10.533333,76.983333
Malaiyur,12.5,79.483333
Malalavadi,12.353333,76.293333
Malappuram,11.066667,76.066667
Malavalli,12.383333,77.083333
Malayampalaiyam,11.183333,77.85
Malayattur,10.2,76.533333
Malayatur,10.2,76.533333
Mallam,13.95,80.116667
Mallankuli,11.75,76.933333
Mallapuram,11.966667,78.25
Mallasamudram,11.483333,78.033333
Mallesvaram,12.983333,77.566667
Malleswaram,12.983333,77.566667
Malliakarai,11.566667,78.483333
Mallipatnam,10.3,79.383333
Malliyakarai,11.566667,78.483333
Mallur,11.55,78.133333
Malur,13.0075,77.937778
Mamallapuram,12.626389,80.172222
Mamandur,12.75,79.666667
Mamanduru,13.733333,79.483333
Mambakkam,12.836389,80.168889
Mambalam,13.038889,80.225833
Manali,13.166667,80.266667
Manalurpet,12.016667,79.1
Manalurpettai,12.016667,79.1
Manamadura,9.7,78.483333
Manamadurai,9.7,78.483333
Manamalkudi,10.05,79.233333
Manambedu,13.07,80.038333
Manamelkudi,10.05,79.233333
Manantavadi,11.803056,76.003889
Mananthavady,11.803056,76.003889
Manantoddy,11.803056,76.003889
Manapad Point,8.366667,78.033333
Manaparai,10.6,78.416667
Manappadu,8.366667,78.033333
Manappakkam,13.010833,80.168611
Manapparai,10.6,78.416667
Manapuram,11.966667,78.25
Manattala,10.566667,76.033333
Manavalakurichi,8.133333,77.3
Mandagere,12.725556,76.380278
Mandalamanikkam,9.466667,78.35
Mandapam,9.283333,79.116667
Mandaparai,12.633333,78.95
Mandapparai,12.633333,78.95
Mandikal,13.596389,77.731111
Mandikallu,13.596389,77.731111
Mandya,12.524167,76.895833
Mangalam,9.766667,78.666667
Mangalampet,13.6,79.1
Mangalampeta,13.6,79.1
Mangalapuram,8.633333,76.866667
Mangalapuru,14.116667,79.8
Mangalawada,14.066667,77.083333
Manganam,9.583333,76.55
Manimala,9.483333,76.75
Manimangalam,12.917222,80.041389
Maniyachchi,8.85,77.916667
Maniyachi,8.85,77.916667
Manjambakkam,13.164444,80.227778
Manjeri,11.116667,76.116667
Mankara,10.75,76.433333
Mankarai,10.75,76.433333
Mannady,13.096944,80.288056
Mannarakkat,10.983333,76.466667
Mannargudi,10.666667,79.433333
Mannivakkam,12.887778,80.063889
Mannur,13.023889,79.959444
Manthaiveli,13.026389,80.271389
Manubolu,14.183333,79.883333
Manubrolu,14.183333,79.883333
Manuppatti,10.483333,77.233333
Manur,10.5,77.483333
Manuru,13.1,79.8
Maraiyoor,10.266667,77.15
Maraiyur,10.266667,77.15
Marakayarpatnam,9.283333,79.133333
Marakkanam,12.2,79.95
Maralavadi,12.616667,77.533333
Maralvadi,12.616667,77.533333
Marandahalli,12.4,78
Marandahally,12.4,78
Marikuppam,12.916667,78.266667
Markanum,12.2,79.95
Marungapuri,10.433333,78.416667
Marutadu,12.5,79.683333
Masinigudi,11.566667,76.666667
Masnigudi,11.566667,76.666667
Masti,12.866667,77.983333
Matattuppatti,8.816667,77.8
Mathurai,9.933333,78.116667
Mattagiri,12.683333,77.816667
Mattancheri,9.983333,76.266667
Mattigatta,13.469444,76.481667
Mattigiri,12.683333,77.816667
Mattod,13.773889,76.392778
Mattur,11.333333,79.233333
Maunur,8.866667,77.666667
Mavalikara,9.266667,76.55
Mavelikara,9.266667,76.55
Mayanur,10.933333,78.233333
Mayavalasa,9.2,78.7
Mayavaram,11.1,79.666667
Mayaveram,11.1,79.666667
Mayuram,11.1,79.666667
Meddappakkam,12.917778,80.192778
Medikurti,13.716667,78.766667
Meenakshiammanpet,13.105833,80.290556
Megnanapuram,8.466667,77.983333
Mehtanagar,13.068889,80.228056
Mel Marudur,10.466667,79.683333
Mel Mattur,11.2,79.05
Mel Nilidanallur,9.1,77.616667
Mel Pakkam,13.180278,80.069444
Mel Palaiyam,8.7,77.716667
Melai Citamparam,10.966667,76.9
Melapalaiyam,8.7,77.716667
Melappalaiyam,8.7,77.716667
Melattur,11.066667,76.283333
Melatur,11.066667,76.283333
Melkandigai,13.216667,80.006667
Melkote,12.658889,76.650556
Melmandai,9.1,78.3
Melmarudun,10.466667,79.683333
Melpadi,13.066667,79.283333
Melpatti,12.866667,78.766667
Melpedu,13.156389,80.041389
Melukote,12.658889,76.650556
Melur,10.05,78.333333
Menambedu,13.07,80.038333
Meppadi,11.566667,76.15
Merkanam,12.2,79.95
Merpati,13.066667,79.283333
Methala,10.222222,76.199167
Mettupalaiyam,11.3,76.95
Mettupalayam,11.166667,78.45
Mettupalayam-Coimbatore,11.3,76.95
Mettuppalaiyam,11.166667,78.45
Mettur,11.8,77.8
Meyyur,13.240556,79.943333
Midigesi,13.839167,77.210833
Mijuru,13.766667,80.083333
Mimisal,9.933333,79.166667
Minakshiammanpet,13.105833,80.290556
Minjur,13.266667,80.266667
Mirle,12.5275,76.314722
Mittemari,13.701389,77.8475
Mochiurani,9.266667,79.033333
Mohanur,11.083333,78.166667
Moolakadai,13.126944,80.246667
Mopuru,14.066667,79.6
Moranam,12.75,79.5
Moranur,11.983333,77.45
Morappur,12.133333,78.4
Motamakalahalli,13.583333,78.083333
Mottur,12.566667,78.7
Muchiri,10.222222,76.199167
Muchiripattinam,10.222222,76.199167
Mudichchur,12.909444,80.07
Mudivedu,13.716667,78.516667
Mudodi,13.205833,76.280278
Mudukarai,10.9,76.966667
Mudukulattur,9.35,78.516667
Mudukur,13,79.883333
Mudumalai,11.616667,76.566667
Mudumpadu,13.933333,79.016667
Muduvadi,13.233333,78.183333
Mugaiyur,11.966667,79.316667
Mugalivakkam,13.018611,80.167778
Muguru,12.13,76.945
Muhammadabad,13.983333,78
Mukhdwaram,13.235,80.323333
Mukkad,8.9,76.55
Mulacheri,12.858056,80.171667
Mulaikaraipatti,8.55,77.783333
Mulaikkaraippatti,8.55,77.783333
Mulanur,10.766667,77.716667
Mulbagal,13.166667,78.4
Mulehole,11.716667,76.433333
Mulhalli,12.4,77.433333
Mullam,13.096111,80.213611
Mundakayam,9.55,76.883333
Mundiyambakkam,11.983333,79.516667
Mundur,10.833333,76.583333
Mungalum,9.766667,78.666667
Munnar,10.1,77.066667
Munradaippu,8.583333,77.7
Muppattankudi,10.916667,79.75
Muragamale,13.433333,78.133333
Muragamalo,13.433333,78.133333
Murkal,12.124722,76.149167
Murtinayakkanpatti,11.3,78.133333
Musiri,10.933333,78.45
Mutahalli,11.716667,76.433333
Muthalamada,10.633333,76.8
Muthialpet,13.098056,80.292222
Muthuragunathapattam,9.15,78.533333
Muthuragunathapattanam,9.15,78.533333
Muttam,9.833333,76.75
Muttamtura,8.116667,77.316667
Muttapet,10.4,79.483333
Muttathoor,12.116667,79.45
Muttattur,12.116667,79.45
Muttukuru,13.283333,78.616667
Muttupet,10.4,79.483333
Muttupettai,9.266667,78.916667
Muttur,11.05,77.733333
Mutturamalingapattanam,9.766667,79.033333
Mutupet,10.4,79.483333
Mutyalapadu,14.116667,79.9
Muvattupula,9.966667,76.583333
Muvatupusha,9.966667,76.583333
Muvatupuzha,9.966667,76.583333
Muyirikkodu,10.222222,76.199167
Muziris,10.222222,76.199167
Mylapore,13.029167,80.270833
Mysooru,12.307222,76.649722
Mysore,12.307222,76.649722
Mysuru,12.307222,76.649722
Naduvakkarai,13.08,80.198056
Naduvankarai,13.08,80.198056
Naduvattam,11.483333,76.566667
Nagalamadike,14.183333,77.366667
Nagalapuram,13.4,79.783333
Nagamangala,12.815556,76.7575
Naganahalli,12.387222,76.664444
Naganathasamudram,9.55,78.7
Nagapatinam,10.766667,79.833333
Nagapattinam,10.766667,79.833333
Nagappattinam,10.766667,79.833333
Nagar,10.816667,79.85
Nagari,13.333333,79.583333
Nagavedu,13.05,79.633333
Nagenahally,12.387222,76.664444
Nagercoil,8.193889,77.431389
Nagore,10.816667,79.85
Naikaneri,12.95,78.6
Nakkaselam,11.15,78.716667
Nakkaselem,11.15,78.716667
Nalambur,13.086667,80.170278
Nallepilli,10.733333,76.8
Nallur,10.916667,79.316667
Nallur,10.916667,79.8
Namagiripetai,11.466667,78.266667
Namagiripettai,11.466667,78.266667
Namakkal,11.233333,78.166667
Nambiyur,11.366667,77.333333
Nambutalai,9.716667,79
Nandambakkam,12.979444,80.0675
Nandanam,13.026944,80.240556
Nandi,13.384722,77.693333
Nandi Hills,13.333333,77.65
Nandigunda,13.333333,77.65
Nangali,13.183333,78.516667
Nangambaukam,13.060556,80.234444
Nangavalli,11.75,77.883333
Nangavelli,11.75,77.883333
Nangli,13.183333,78.516667
Nanguneri,8.483333,77.666667
Nanjangud,12.119722,76.682778
Nanjangud Town,12.119722,76.682778
Nanmangalam,12.938056,80.176389
Nannilam,10.883333,79.616667
Nanniyur,11.066667,78.083333
Naraharipet,13.1,79.15
Naraharipeta,13.1,79.15
Narakal,10.066667,76.233333
Narasapur,13.133333,78
Narasapura,13.133333,78
Narasimharaja Puram,12.316667,76.666667
Narasingapuram,13.616667,79.333333
Narasingarayanpet,13.166667,79.216667
Narasingarayapetta,13.166667,79.216667
Naravanikuppam,13.195556,80.174167
Naravarikuppam,13.195556,80.174167
Narayanavanam,13.416667,79.583333
Naryasandra,13.066667,77.158333
Nattakoltippai,13.178333,79.973611
Nattam,10.233333,78.233333
Nattarasankotal,9.866667,78.566667
Nattarasankottai,9.866667,78.566667
Nattarev,12.816667,79.5
Natteri,12.816667,79.5
Navalar Nedunchezian Nagar,13.043056,80.220833
Navalur,12.839444,80.226667
Nayakkaneri,12.95,78.6
Nayinarkovil,9.55,78.7
Nayudupet,13.9,79.9
Nayudupeta,13.9,79.9
Nazarathpuram,13.008056,80.2
Nazareth,8.566667,77.983333
Nédoucadou,10.966667,79.766667
Nedumangad,8.6,77
Nedumbalam,10.516667,79.633333
Nedumbalamn,10.516667,79.633333
Nedungadu,10.966667,79.766667
Negapainttam City,10.766667,79.833333
Negapatam,10.766667,79.833333
Negapattinam,10.766667,79.833333
Nehru Nagar,13.064444,80.280556
Neiveli,11.533333,79.483333
Nelahalu,13.509444,77.001944
Nelamangala,13.102222,77.39
Nellakota,11.55,76.416667
Nellakotta,11.55,76.416667
Nellaturu,14.133333,79.816667
Nellaya,10.4,76.3
Nellayi,10.4,76.3
Nelligere,12.959444,76.764167
Nellikkuppam,11.766667,79.683333
Nellikuppami,11.766667,79.683333
Neman,13.065278,80.015556
Nemmara,10.583333,76.6
Nennur,14.116667,79.733333
Nerabailu,13.766667,79.166667
Neraballu,13.766667,79.166667
Nerabylu,13.766667,79.166667
Neriamangalam,10.05,76.783333
Nerimangalam,10.05,76.783333
Nerinjipettai,11.7,77.766667
Nerinjippettai,11.7,77.766667
Neriyamangalam,10.05,76.783333
Nerkunram,13.061944,80.209444
Nesapakkam,13.028611,80.196944
Neyattinkara,8.4,77.083333
Neykuppai,10.233333,78.55
Neyvasal,10.7,79.3
Neyveli,11.533333,79.483333
Neyyattinkara,8.4,77.083333
Neyyur,8.2,77.3
Nidamangalam,10.766667,79.416667
Nidugal,14.15,77.083333
Nilakkottai,10.166667,77.866667
Nilakkottai-Madura,10.166667,77.866667
Nilambur,11.283333,76.25
Nilamel,8.816667,76.883333
Nindakara,8.933333,76.533333
Nindali,14.1,79.7
Nittur,13.307778,76.861667
Nodlur,13.217222,80.156111
Nonavinkere,13.164167,76.556944
Nuggihalli,13,76.466667
Nuggthalli,13,76.466667
Nungambakkam,13.060556,80.234444
Nungambaukum,13.060556,80.234444
Nuttam,10.233333,78.233333
Odiyattur,12.033333,79.366667
Odugathur,12.766667,78.9
Odugattur,12.766667,78.9
Olakkur,12.316667,79.716667
Olakur,12.316667,79.716667
Ollur,10.466667,76.233333
Olluru,13.516667,79.733333
Omalur,11.733333,78.066667
Ongur,12.316667,79.783333
Onnapuram,12.716667,79.2
Onnupuram,12.716667,79.2
Oorgaum,12.3,77.616667
Oossoor,12.716667,77.816667
Ootacamund,11.4,76.7
Ooty,11.4,76.7
Opattur,12.85,80.016389
Oragadam,12.65,80.066667
Orattanad,10.616667,79.266667
Orattanadu,10.616667,79.266667
Otacamund,11.4,76.7
Otapidaram,8.916667,78.016667
Ottapalam,10.766667,76.383333
Ottappalam,10.766667,76.383333
Ottappidaram,8.916667,78.016667
Otteri,13.088056,80.2525
Ottiyanbakkam,12.863611,80.191944
Ovari Paravarnattam,8.266667,77.9
Pachal,12.266667,78.933333
Pachchal,12.266667,78.933333
Pachchalur,10.366667,77.666667
Pachur,12.583333,78.483333
Padagiri,10.483333,76.7
Padalam,12.583333,79.95
Padalur,11.1,78.833333
Padiahallur,13.2,80.183333
Padiyanallur,13.2,80.183333
Padiyur,11.066667,77.5
Padmanabha Nagar,13.057222,80.215556
Padmanabhapuram,8.233333,77.333333
Pagalmedu,13.236389,80.021389
Paganeri,9.95,78.6
Pakal,13.466667,79.116667
Pakala,13.466667,79.116667
Pakkam,11.95,78.966667
Pakkam-Madurantakam,12.483333,79.85
Pakkipuram,13.244167,80.259167
Pakkupettai,13.056944,79.926667
Palaiya Ayakkudi,10.45,77.55
Palaiyamkottai,8.716667,77.733333
Palaiyar,10.916667,79.35
Palaiyarai,10.916667,79.35
Palakkad,10.7725,76.651389
Palakkodu,12.3,78.083333
Palakod,12.3,78.083333
Palamcottah,8.716667,77.733333
Palamedu,10.116667,78.116667
Palamkotta,8.716667,77.733333
Palani,10.466667,77.533333
Palasmudram,13.978056,77.688056
Palavanatham,9.55,78.016667
Palavanattam,9.55,78.016667
Palavantangai,12.985556,80.191111
Palavedu,13.154722,80.069444
Palaverkadu,13.416667,80.316667
Palaverkfidu,13.416667,80.316667
Palayam,8.483333,76.916667
Palayamkottai,8.716667,77.733333
Palayankottai,8.716667,77.733333
Palayannur,10.683333,76.433333
Palghat,10.7725,76.651389
Palicherla,14.1,79.8
Palladam,10.983333,77.3
Pallapatti,10.7,77.883333
Pallappatti,10.7,77.883333
Pallattur,10.15,78.8
Pallatur,10.15,78.8
Pallavaram,12.976111,80.183611
Pallijkarani,12.933333,80.202222
Pallikonda,12.916667,78.933333
Pallikondai,12.916667,78.933333
Pallipat,13.333333,79.45
Pallipattu,13.333333,79.45
Pallipatu,13.001667,80.245278
Pallippatti,11.933333,78.416667
Pallippuram,10.166667,76.183333
Pallipuram,10.166667,76.183333
Palmaner,13.2,78.75
Palni,10.466667,77.533333
Palod,8.7,77.033333
Palur,12.983333,79.666667
Paluru,14.116667,79.716667
Paluvur,11.066667,79.083333
Pambadi,9.566667,76.666667
Pamban,9.283333,79.2
Pampadi,9.566667,76.666667
Panaikkudi,8.316667,77.6
Panaipakkam,13.5,79.216667
Panamaram,11.733333,76.1
Panapakam-chandragiri,13.5,79.216667
Panapakkam,13.5,79.216667
Panapakkam,12.916667,79.583333
Panapakkam-Arkonam,12.916667,79.583333
Panchapalli,12.466667,77.916667
Pandalkudi,9.416667,78.1
Pandalur,11.483333,76.333333
Pandavapura,12.500556,76.673333
Pandikkad,11.1,76.216667
Panjapalle,12.466667,77.916667
Panjappatti,10.816667,78.3
Panmana,9.016667,76.516667
Pannivakkam,13.215833,80.173889
Panruti,11.766667,79.55
Panthalgudi,9.416667,78.1
Papanasam,10.933333,79.283333
Papireddipatti,11.9,78.366667
Papireddippatti,11.9,78.366667
Pappambadi,11.65,77.95
Pappanad,10.533333,79.283333
Papparapatti,12.216667,78.066667
Papparappatti,12.216667,78.066667
Paradarami,13.083333,78.983333
Paramagudi,9.55,78.6
Paramanandal,12.35,78.75
Paramati,11.166667,78.033333
Paramatti,10.95,77.933333
Parambikolam,10.383333,76.816667
Parambikulam,10.383333,76.816667
Parangimalai,12.996389,80.203056
Paranginealai,12.996389,80.203056
Parasala,8.333333,77.166667
Parassala,8.333333,77.166667
Parattipalli,8.566667,77.1
Paravar,8.783333,76.7
Paravoor,8.783333,76.7
Paravur,8.783333,76.7
Parige,13.906944,77.457222
Parigi,13.906944,77.457222
Park Town,13.081944,80.278056
Parsewakam,13.081667,80.2525
Parthibanur,9.6,78.45
Partibanur,9.6,78.45
Parur,10.15,76.233333
Paruttippadu,8.6,77.766667
Paryur,9.716667,77.8
Pasumalai,9.9,78.116667
Patagunta,13.45,79.283333
Patapalya,13.716667,77.95
Patchur,12.583333,78.483333
Pathanamthitta,9.266667,76.783333
Pathikonda,13.183333,78.65
Pattalur,11.266667,77.8
Pattambi,10.816667,76.2
Pattanachcheri,10.883333,79.85
Pattanamtitta,9.266667,76.783333
Pattanapuram,9.1,76.866667
Pattanur,12.908611,79.948889
Pattikad,10.55,76.333333
Pattikkad,10.55,76.333333
Pattikod,10.55,76.333333
Pattikonda,13.183333,78.65
Pattiyurgramam,9.166667,76.5
Pattukkottai,10.433333,79.316667
Pavagada,14.1,77.266667
Pavanasi,10.933333,79.283333
Pavugada,14.1,77.266667
Pavur Chutram,8.9,77.383333
Pavurchattram,8.9,77.383333
Pazhayannur,10.683333,76.433333
Pechipara,8.433333,77.3
Pedapariya,14.033333,79.883333
Pedappai,12.888333,80.018056
Pedda Nayakkanpalaiyam,11.666667,78.516667
Peddaballe,13.983333,78.383333
Peddanaikenpet,13.096667,80.278889
Peddapariya,14.033333,79.883333
Peddatippasamudram,13.716667,78.2
Pedduru,12.8,78.566667
Peelamedu,11.033333,77
Peermade,9.566667,76.983333
Pellakuru,13.833333,79.833333
Penchupadu,13.466667,78.45
Pennadam,11.4,79.233333
Pennagaram,12.133333,77.9
Pennalur,12.978611,79.9825
Pennalurpet,13.3,79.85
Pennalurupet,13.3,79.85
Pennamur,13.366667,79.183333
Pennathur,12.25,79.233333
Pennattur,12.25,79.233333
Penukonda,14.083333,77.583333
Penumur,13.366667,79.183333
Penumuru,13.366667,79.183333
Peradiyur,10.883333,76.2
Peraiyur,9.716667,77.8
Perambalur,11.233333,78.883333
Perambur,13.110278,80.2425
Peranamallur,12.566667,79.433333
Peranambattu,12.933333,78.716667
Peranampattu,12.933333,78.716667
Perani,12.1,79.55
Peravallur,13.119722,80.227778
Peravurani,10.3,79.183333
Peravurni,10.3,79.183333
Periamet,13.081944,80.266111
Periapoliam,13.3,80.05
Periathullay,8.333333,77.966667
Perinad,9.116667,76.483333
Perinjambâkkam,12.892778,79.97
Perintalmanna,10.983333,76.233333
Periya Talai,8.333333,77.966667
Periyakudal,13.081944,80.212778
Periyakulam,10.116667,77.55
Periyanaikanpalayam,11.15,76.933333
Periyanayakkanpalaiyam,11.15,76.933333
Periyanegamam,10.733333,77.1
Periyapalaiyam,13.3,80.05
Periyapatti,10.75,77.266667
Periyar,11.35,77.733333
Periyar Nagar,13.057222,80.229722
Pernambut,12.933333,78.716667
Perumalamalai Estate,10.266667,77.55
Perumalmalai,10.266667,77.55
Perumanallur,11.2,77.366667
Perumanseri,8.966667,76.616667
Perumbakkam,12.905278,80.198611
Perumbalai,11.966667,77.95
Perumbalam,9.85,76.366667
Perumber,12.383333,79.766667
Perumber-Kandigal,12.383333,79.766667
Perumkulam,8.5,77.066667
Perumpavur,10.133333,76.483333
Perunali,9.233333,78.333333
Perundurai,11.266667,77.583333
Perundural,11.266667,77.583333
Perungalur,10.483333,78.933333
Perungavur,13.215,80.216944
Perungudi,12.971389,80.247222
Perunkalattu,12.916111,80.084722
Perur,10.966667,76.9
Peruvaindan,10.466667,79.5
Peruvalndan,10.466667,79.5
Pettai,13.15,80.051389
Pidagam,11.716667,79.183333
Pilamedu,11.033333,77
Piler,13.65,78.933333
Pileru,13.65,78.933333
Pillaittiruvasal,10.933333,79.8
Pillappakkam,12.943611,79.959444
Piravam,9.866667,76.5
Piravom,9.866667,76.5
Piriyapatna,12.339722,76.099167
Pirmed,9.566667,76.983333
Podanur,10.95,76.983333
Podanur Junction,10.95,76.983333
Pollachi,10.666667,77.016667
Polur,12.5,79.133333
Pondichéri,11.93,79.83
Pondicherry,11.93,79.83
Pondichéry,11.93,79.83
Ponducherry,11.93,79.83
Pondur,12.929722,79.931667
Ponnai,13.133333,79.266667
Ponnal,13.133333,79.266667
Ponnamaravathy,10.3,78.55
Ponnamaravati,10.3,78.55
Ponneri,13.316667,80.2
Ponniammanmedu,13.13,80.231111
Ponpadi,13.233333,79.6
Poodoocottah,10.383333,78.816667
Poompuhar,13.114444,80.208611
Poonamallee,13.048333,80.1075
Poraiyar,11.016667,79.833333
Porayar,11.016667,79.833333
Poringalkuthu,10.283333,76.433333
Porto Novo,11.483333,79.766667
Porur,13.031944,80.1575
Pottanur,11.116667,77.983333
Pottundi,10.55,76.616667
Poudhucherry,11.93,79.83
Powaur,8.316667,77.066667
Poyyappatti,12.1,78.566667
Pudu Chattram,10.466667,77.8
Pudu Vannarpet,13.135556,80.298056
Puduchattiram,10.466667,77.8
Puduchcheri,11.93,79.83
Puducherri,11.93,79.83
Puducherry,11.93,79.83
Pudukattai,10.383333,78.816667
Pudukkottai,10.383333,78.816667
Pudukkottai-Trichinopoly,10.383333,78.816667
Pudukotah,10.383333,78.816667
Pudunagaram,10.683333,76.683333
Pudunagram,10.683333,76.683333
Pudupadi,12.866667,79.4
Pudupalaiyam,13.218056,80.271111
Pudupalli,9.5,76.533333
Pudupet,13.069722,80.265556
Puduppadi,12.866667,79.4
Puduppatti,11.15,78.216667
Pudur,13,79.15
Pudutturai,10.916667,79.816667
Puduvai,11.93,79.83
Puduvayal,13.333333,80.166667
Puduveli,9.816667,76.6
Pugalur,11.083333,78.016667
Pulavadi,10.733333,77.316667
Puliantope,13.103056,80.2675
Puliarai,9,77.2
Pulicat,13.416667,80.316667
Pulinjerikuppam,13.6,80.25
Pulivalam,11.016667,78.633333
Puliyangudi,9.166667,77.416667
Puliyankudi,9.166667,77.416667
Puliyara,9,77.2
Puliyur,10.633333,78.833333
Pullambadi,10.966667,78.916667
Pullampadi,10.966667,78.916667
Pullampet,14.116667,79.216667
Pullappalli,9.683333,76.616667
Punalur,9,76.933333
Punganuru,13.366667,78.583333
Punjai,11.083333,78.016667
Punjai Puliyampatti,11.35,77.2
Punjur,11.766667,77.1
Punnapakkam,13.180833,79.926667
Punnappira,9.433333,76.35
Punnapra,9.433333,76.35
Purasavakam,13.081667,80.2525
Purasavakkam,13.081667,80.2525
Purasawalkam,13.081667,80.2525
Purigal,12.266667,77.016667
Purnankuppam,11.866667,79.816667
Pursavakam,13.081667,80.2525
Pushpagiri,12.65,79.166667
Putalapattu,13.333333,79.1
Puthanatham,10.466667,78.366667
Puthupalli,9.5,76.533333
Putlur,13.114444,79.937222
Puttambi,10.816667,76.2
Puttan Taruvai,8.333333,77.933333
Puttanattam,10.466667,78.366667
Puttur,13.45,79.55
Putuppalli,9.5,76.533333
Puvandi,9.85,78.283333
Puvar,8.316667,77.066667
Pykara,11.45,76.583333
Quilon,8.880556,76.591667
Radhapuram,8.266667,77.7
Raja Annamalaipuram,13.025,80.2575
Rajakilpakkam,12.919444,80.169722
Rajamatam,10.333333,79.35
Rajampet,14.183333,79.166667
Rajapalaiyam,9.45,77.566667
Rajapalayam,9.45,77.566667
Rajapuram,10.766667,77.9
Rajasingamangalam,9.666667,78.85
Rajupalem,14.116667,79.733333
Ramakuppam,12.883333,78.5
Ramamangalam,9.933333,76.5
Ramanagaram,12.716667,77.3
Ramanathapura,12.616667,76.083333
Ramanathapuram,9.383333,78.833333
Ramanathpura,12.616667,76.083333
Ramancheri,13.2,79.8
Ramanjeri,13.2,79.8
Ramankari,9.433333,76.466667
Ramanthapuram,9.383333,78.833333
Ramapuram,12,77.383333
Ramapuram,13.116667,79.2
Ramapuram,13.516667,80.083333
Ramasagaram,14.183333,79.783333
Ramasamudram,13.366667,78.433333
Ramaswamipatti,9.383333,78.266667
Ramesvaram,9.283333,79.3
Rameswaram,9.283333,79.3
Ramgiri,13.955278,76.1225
Ramnad,9.383333,78.833333
Rangampettai,13,78.75
Rangarajapuram,13.010556,80.2325
Rani,9.383333,76.816667
Ranipet,12.933333,79.333333
Ranippettai,12.933333,79.333333
Ranjangudi,11.366667,78.933333
Rasipur,11.466667,78.166667
Rasipuram,11.466667,78.166667
Rayachoti,14.05,78.75
Rayakotta,12.516667,78.05
Rayakottai,12.516667,78.05
Rayalapeta,13.333333,78.733333
Rayalpadu,13.533333,78.35
Rayampalaiyam,10.966667,79.816667
Rayapuram,13.107222,80.295278
Razampeta,14.183333,79.166667
Razupalem,14.116667,79.733333
Reddipalaiyam,13.107778,80.120556
Reddipalle,14.083333,79.233333
Renigunta,13.65,79.516667
Rettapalle,14.083333,79.883333
Rettapalli,14.083333,79.883333
Riacotta,12.516667,78.05
Rishivandiyam,11.816667,79.1
Rishivandryam,11.816667,79.1
Robertsonpet,12.966667,78.283333
Roddam,14.1,77.433333
Rolla,13.833056,77.1
Royapettah,13.050556,80.264167
Royapuram,13.107222,80.295278
Sadaiyankuppam,13.182222,80.289167
Sadali,13.633333,77.866667
Sadras,12.531944,80.161111
Sadurangapattinam,12.531944,80.161111
Saidapet,13.023056,80.2225
Saidapuram,14.166667,79.733333
Sainigunta,13.066667,78.833333
Saint Thomas Mount,12.996389,80.203056
Saint Thomas's Mount,12.996389,80.203056
Saiyidapettai,13.023056,80.2225
Sakkanurani,9.933333,77.983333
Salagama,13.083333,76.083333
Salagame,13.083333,76.083333
Salem,11.65,78.166667
Saligrama,12.561944,76.261944
Saligramam,13.048056,80.201389
Samalpatti,12.316667,78.5
Samattur,10.6,77.016667
Samayanallur,9.983333,78.033333
Samayapuram,10.933333,78.733333
Samburvadakara,9,77.4
Samudram,10.666667,78.483333
San Thome,13.029722,80.279167
Sanarapaiaiyam,12.955,79.945278
Sanarpatti,10.283333,78.083333
Sandras,12.531944,80.161111
Sanjivarayanpet,13.12,80.286667
Sankaranainer Koil,9.166667,77.55
Sankaranayinarkovil,9.166667,77.55
Sankaranayinarkovyil,9.166667,77.55
Sankarankovil,9.166667,77.55
Sankarayalapeta,13.216667,78.6
Sankari Drug,11.466667,77.883333
Sante Bachahalli,12.809167,76.583333
Sante Bennur,14.166667,76.016667
Santemarahalli,12.047222,76.985278
Santhi Nagar,13.110556,80.256389
Saptur,9.766667,77.75
Sargur,11.983333,76.416667
Sarjapur,12.816667,77.783333
Sarkar Valavandi,11.1,78.083333
Sarugani,9.85,78.75
Saslu,13.433333,77.366667
Sastankottah,9.05,76.633333
Sastham Kottai,9.05,76.633333
Sasthankotta,9.05,76.633333
Sathalli,12.868889,76.022778
Sathiya Moorthy Nagar,13.115833,80.273889
Satnuru,12.45,77.316667
Sattankulam,8.45,77.933333
Sattegal,12.233333,77.166667
Sattegalam,12.233333,77.166667
Sattihalli,12.868889,76.022778
Sattivedu,13.433333,79.983333
Sattur,9.366667,77.933333
Satyamangalam,11.516667,77.25
Satyamurti Nagar,13.048611,80.244167
Satyavedu,13.433333,79.983333
Sayalgudi,9.183333,78.45
Sayalkudi,9.183333,78.45
Sayarpuram,8.683333,78.016667
Sayidabad,13.023056,80.2225
Sedarpalaiyam,11.15,77.916667
Sekkadi,11.433333,78.366667
Sekkadu,11.433333,78.366667
Selaivayal,13.141667,80.249722
Selaiyu,12.920556,80.137222
Selam,11.65,78.166667
Sembatti,10.283333,77.866667
Sembedu,13.240556,79.993611
Sembiem,13.116667,80.2325
Sembivam,13.116667,80.2325
Sembiyam,13.116667,80.2325
Sendamangalam,11.3,78.233333
Sendamaram,9.05,77.466667
Sendamarani,9.05,77.466667
Sendurai,10.4,78.266667
Sengippatti,10.716667,78.95
Seringapatam,12.419444,76.684444
Sermadevi,8.683333,77.566667
Settigunta,13.85,79.4
Settippattu,12.925,80.027778
Settupakkam,13.235278,80.050278
Settur,9.4,77.5
Sevalpatt,9.3,77.733333
Seven Pagodas,12.626389,80.172222
Seven Wells,13.101667,80.283611
Sevur,11.266667,77.233333
Sevvalpatti,9.3,77.733333
Sevvappettai,13.133611,79.968333
Seydunganallur,8.666667,77.833333
Shanti Grama,12.981667,76.217778
Shastri Nagar,12.996667,80.260278
Shencottah,8.966667,77.266667
Shenoy Nagar,13.079722,80.224444
Shertalla,9.7,76.333333
Shertallai,9.7,76.333333
Shertally,9.7,76.333333
Shinkli,10.222222,76.199167
Shivasamudrum,12.266667,77.166667
Shiyali,11.233333,79.733333
Sholavandan,10.016667,77.966667
Sholinghur,13.116667,79.416667
Shoranur,10.766667,76.283333
Shravan Belgola,12.858333,76.489444
Shravanabelagola,12.858333,76.489444
Shrirangapattana,12.413611,76.704167
Sidlaghatta,13.388056,77.862778
Sigaiahalli,12.05,77.8
Sigalahalli,12.05,77.8
Sikkal,9.233333,78.65
Sikkil,10.766667,79.8
Sikkle,10.766667,79.8
Sindhavalli,12.2,76.633333
Sindughatta,12.697778,76.535278
Sindupatti,9.883333,77.883333
Sinduvalli,12.2,76.633333
Singanallur,11,77.016667
Singaperumalkoil,12.761111,80.01
Singaperumalkovil,12.761111,80.01
Singapperumalkovil,12.761111,80.01
Singara Garden,13.1075,80.291111
Singarapetai,12.233333,78.616667
Singarappettai,12.233333,78.616667
Sinnservadi,9.2,78.7
Sira,13.745278,76.909167
Sirkali,11.233333,79.733333
Sirkazhi,11.233333,79.733333
Siruganur,11.033333,78.816667
Sirumugai,11.333333,77.016667
Sirumugal,11.333333,77.016667
Siruppanahieri,12.870556,79.985
Siruseri,12.835833,80.2025
Siruvachchur,11.183333,78.866667
Siruvachur,11.183333,78.866667
Siruvaliur,11.366667,77.483333
Siruvallur,12.466667,79.016667
Siruvalur,11.366667,77.483333
Sithampundi,11.233333,77.9
Sittambakkam,13.196111,79.941667
Sittampundi,11.233333,77.9
Sittodu,11.4,77.666667
Sittukkadu,13.0875,80.0475
Sivaganga,13.166667,77.233333
Sivaganga,9.866667,78.483333
Sivagiri,11.116667,77.8
Sivakasi,9.45,77.816667
Sivalapperi,8.783333,77.833333
Sivane,13.814167,76.034444
Sivanvayal,13.176667,80.0075
Sivaram,12.952222,80.238611
Sivasamudram,12.266667,77.166667
Sokkanallur,13.084722,80.068611
Solankuppam Mel,12.466667,78.933333
Solavaram,13.238056,80.160556
Soliacoory,9.7,78.983333
Soliyakkudi,9.7,78.983333
Solur,13.078611,77.230278
Somala,13.466667,78.816667
Somanathapur,12.266667,76.883333
Somanur,11.083333,77.183333
Somnathpur,12.266667,76.883333
Sondekoppa,13,77.366667
Sosale,12.233333,76.916667
Sowcarpet,13.089722,80.280278
Sravana Belgola,12.858333,76.489444
Srimushnam,11.4,79.416667
Srimushnum,11.4,79.416667
Srinagar,13.013333,80.229722
Srinivaspur,13.333333,78.216667
Sriperumbubur,12.968889,79.948889
Sriperumbudur,12.968889,79.948889
Sriramapura,13.623333,76.417222
Srirangam,10.866667,78.683333
Srivaikuntam,8.616667,77.933333
Srivilliputtur,9.516667,77.633333
Suchindram,8.15,77.483333
Suguturu,13.216667,78.1
Sulagiri,12.666667,78.033333
Sulibele,13.165,77.801667
Sultan Bathery,11.665833,76.263056
Sultan's Barttery,11.665833,76.263056
Sultan's Bathery,11.665833,76.263056
Sultans Battery,11.665833,76.263056
Sultan's Battery,11.665833,76.263056
Sulthan Bathery,11.665833,76.263056
Sulur,11.033333,77.133333
Sulurpet,13.7,80.016667
Sulurpeta,13.7,80.016667
Suluru,13.7,80.016667
Sundarapandianpatnam,9.833333,79.116667
Sundarapandiyanpattanam,9.833333,79.116667
Sunnambukkulam,13.483333,80.15
Sunnambukulam,13.483333,80.15
Surakkottai,10.733333,79.183333
Suramangalam,11.683333,78.116667
Surandai,8.966667,77.4
Surappattu,13.141944,80.185278
Suryanallur,10.816667,77.483333
Swamimalai,10.95,79.333333
Sydapet,13.023056,80.2225
Tada,13.583333,80.033333
Tagadur,12.088889,76.791111
Taingapatam,8.233333,77.183333
Taiyur,12.783333,80.183333
Taka-roait,8.216667,83.533333
Takkalur,10.916667,79.816667
Takkolam,13.016667,79.733333
Talabur,12.8525,80.216389
Talagvara,13.310833,77.975278
Talai,12.583333,77.65
Talainayar Agraharam,10.566667,79.766667
Talaivasal,11.583333,78.766667
Talaiyotho,8.8,77.716667
Talaiyutho,8.8,77.716667
Talaiyuthu,8.8,77.716667
Talaiyuttu,8.8,77.716667
Talakad,12.2,77.033333
Talamalaippatti,11.066667,78.266667
Talanallur,11.466667,79.266667
Talatteruvu,10.933333,79.833333
Talavadi,9.35,76.533333
Talavadi,11.783333,77.016667
Talavapatti,11.583333,77.883333
Talayapettai,11.466667,77.616667
Talayolaparambu,9.8,76.45
Tallakulam,9.95,78.15
Talya,14.016667,76.266667
Tamarakarai,11.766667,77.583333
Tamarakulam,9.166667,76.633333
Tamballapalle,13.816667,78.433333
Tambaram,12.927222,80.110556
Tamizhagam,13.083333,80.283333
Tammampatti,11.45,78.483333
Tamulinadu,13.083333,80.283333
Tanakallu,13.916667,78.183333
Tandalam,13.154722,79.954722
Tandarai,12.116667,79.15
Tandarambattu,12.166667,78.95
Tandarampatti,12.166667,78.95
Tandiarpet,13.129722,80.289722
Tandikkudi,10.3,77.65
Tandurai,13.11,80.06
Tangachchiyammapatti,10.533333,77.716667
Tangasseri,8.883333,76.583333
Tanipadi,12.116667,78.833333
Tanippadi,12.116667,78.833333
Tanjavur,10.8,79.15
Tanjor,10.8,79.15
Tanjore,10.8,79.15
Taramangalam,11.7,77.983333
Taramani,12.981944,80.240556
Tarangambadi,11.031944,79.852778
Tarigonda,13.7,78.633333
Taruvaikkulam,8.883333,78.166667
Tattakarai,11.833333,77.533333
Tattamangalam,10.683333,76.733333
Tattayyangarpettai,11.133333,78.45
Tavaregere,13.791944,76.804167
Tavarekere,12.966667,77.4
Tavarekeri,12.916667,77.616667
Tavarikere,12.966667,77.4
Tawarum,9.883333,77.316667
Tayampalaiyam,10.833333,77.5
Tayampalayam,10.833333,77.5
Tayilur,13.066667,78.416667
Tayyuru,13.3,79.316667
Tekkumuri,9.9,76.283333
Tellar,12.4,79.583333
Teni,10,77.483333
Tenkasi,8.966667,77.3
Terakanambi,11.816667,76.8
Teruchuli,9.55,78.2
Tevaram,9.883333,77.316667
Teynampet,13.043333,80.252778
Teynapet,13.043333,80.252778
Thaiyur,12.783333,80.183333
Thalanayar,10.566667,79.766667
Thalavady,9.35,76.533333
Thanikudi,9.5,77.266667
Thanjavur,10.8,79.15
Thanniyam,10.416667,76.133333
Thathankuppam,13.112778,80.201944
Thattakad,10.133333,76.7
Thattan Kolam,13.094444,80.271944
Theagaraya Nagar,13.039444,80.24
Thekkadi,9.6,77.2
Therumanur,10.933333,79.1
Thirukkannapuram,10.866667,79.7
Thirumalavasal,11.233333,79.833333
Thirumangalam,13.088611,80.2075
Thiruninravur,13.111389,80.026111
Thiruparangundram,9.866667,78.066667
Thirupparankundram,9.866667,78.066667
Thiruvaiyaru,10.883333,79.1
Thiruvalanchuli,10.933333,79.333333
Thiruvallarai,10.95,78.666667
Thiruvananthapuram,8.506944,76.956944
Thiruvarur,10.766667,79.65
Thiruvellarai,10.95,78.666667
Thiru-Vi-Ka Nagar,13.098333,80.246389
Thodhunter Nagar,13.018333,80.230278
Thogaduru,12.088889,76.791111
Thoothukudi,8.783333,78.133333
Thoputorai,10.4,79.85
Thousand Lights,13.053611,80.253333
Thrissur,10.516667,76.216667
Thuravoor,9.766667,76.316667
Thyagaraya Nagar,13.039444,80.24
Timmasamudram,13.65,79.75
Tindivanam,12.25,79.65
Tindivangam,12.25,79.65
Tinnanur,13.111389,80.026111
Tinnevelli,8.733333,77.7
Tinnevelly,8.733333,77.7
Tinnevelly Junction,8.733333,77.7
Tipanuru,14.1,79.866667
Tippavarapadu,14.15,79.783333
Tippireddipalli,14.166667,79.716667
Tiptur,13.258611,76.478333
Tirmium,10.233333,78.75
Tirnvalur,10.766667,79.65
Tirruvannamalai,12.216667,79.066667
Tirtamalai,12.1,78.6
Tirttakkarai,9.25,78.85
Tirttamalai,12.1,78.6
Tiru Indalur,11.133333,79.666667
Tiruchchendur,8.483333,78.116667
Tiruchchinappalli,10.805,78.685556
Tiruchchirappalli,10.805,78.685556
Tiruchendur,8.483333,78.116667
Tiruchengodu,11.383333,77.933333
Tiruchi,10.805,78.685556
Tiruchirappalli,10.805,78.685556
Tiruchuli,9.55,78.2
Tirugattukottal,12.996389,79.990833
Tirukalikundram,12.606667,80.0625
Tirukattupalli,10.85,78.966667
Tirukkadaiyur,11.083333,79.816667
Tirukkalikkunram,12.606667,80.0625
Tirukkandalam,13.243889,80.091667
Tirukkannapuram,10.866667,79.7
Tirukkattuppalli,10.85,78.966667
Tirukkovilur,11.95,79.2
Tirukkoyilur,11.95,79.2
Tirukkurungudi,8.45,77.566667
Tirukkuvalai,10.65,79.7
Tirukurungudi,8.45,77.566667
Tirumakudal Narsipur,12.21,76.906389
Tirumala,13.683333,79.35
Tirumalai,13.65,79.416667
Tirumangalam,13.088611,80.2075
Tirumanur,10.933333,79.1
Tirumarutur,9.55,78.7
Tirumayam,10.233333,78.75
Tirumbur,9.966667,78.316667
Tirumeshi,13.051111,80.058333
Tirumudipakkam,12.963889,80.080556
Tirumullaivasal,11.233333,79.833333
Tirunallar,10.916667,79.8
Tirunallarru,10.916667,79.8
Tirunallaru,10.916667,79.8
Tirunallur,10.916667,79.316667
Tirunamanallur,11.766667,79.416667
Tirunelveli,8.733333,77.7
Tirupalakudi,9.566667,78.916667
Tirupalathurai,10.883333,78.566667
Tirupanandal,11.1,79.466667
Tirupapullyur,11.75,79.75
Tiruparankundram,9.866667,78.066667
Tirupati,13.65,79.416667
Tiruporur,12.741389,80.1825
Tiruppalaikkudi,9.566667,78.916667
Tiruppalaikudi,9.566667,78.916667
Tiruppanandal,11.1,79.466667
Tiruppappuliyur,11.75,79.75
Tirupparaithurai,10.883333,78.566667
Tirupparaithural,10.883333,78.566667
Tirupparaltural,10.883333,78.566667
Tirupparangunram,9.866667,78.066667
Tirupparankunram,9.866667,78.066667
Tiruppattur,10.133333,78.616667
Tiruppatur,12.5,78.566667
Tiruppiraitturai,10.883333,78.566667
Tiruppirambiyam,11,79.333333
Tirupporur,12.741389,80.1825
Tiruppullani,9.3,78.85
Tiruppullany,9.3,78.85
Tiruppundi,10.633333,79.8
Tiruppur,11.1,77.35
Tiruppurampayam,11,79.333333
Tiruppuvanam,9.833333,78.266667
Tirupundi,10.633333,79.8
Tirupur,11.1,77.35
Tirur,13.113056,79.961389
Tirurageswaram,12.998889,80.095556
Tirutani,13.183333,79.633333
Tiruttangal,9.483333,77.833333
Tiruttani,13.183333,79.633333
Tirutturaippundi,10.533333,79.65
Tiruturaipundi,10.533333,79.65
Tiruvadaimarudur,10.983333,79.466667
Tiruvadamarudur,10.983333,79.466667
Tiruvadanai,9.8,78.933333
Tiruvadi,10.883333,79.1
Tiruvadur,9.966667,78.316667
Tiruvaikavur,10.983333,79.283333
Tiruvalanculi,10.933333,79.333333
Tiruvalanjuli,10.933333,79.333333
Tiruvalla,9.383333,76.566667
Tiruvallam,8.4,76.966667
Tiruvallam,12.983333,79.266667
Tiruvallarai,10.95,78.666667
Tiruvallur,13.15,79.916667
Tiruvalur,10.766667,79.65
Tiruvamiyur,12.983333,80.259722
Tiruvananantapuram,8.506944,76.956944
Tiruvancode,8.25,77.3
Tiruvankod,8.25,77.3
Tiruvanmiyur,12.983333,80.259722
Tiruvannamalai,12.216667,79.066667
Tiruvarur,10.766667,79.65
Tiruvattiyur,12.666667,79.55
Tiruvdanai,9.8,78.933333
Tiruvellarai,10.95,78.666667
Tiruvellavayal,13.333333,80.283333
Tiruvellore,13.15,79.916667
Tiruvengadam,9.25,77.7
Tiruvengadu,11.166667,79.833333
Tiruvennanallur,11.85,79.366667
Tiruvenneynallur,11.85,79.366667
Tiruvetipuram,12.666667,79.55
Tiruvettipuram,12.666667,79.55
Tiruvidaimardur,10.983333,79.466667
Tiruvidaimarudur,10.983333,79.466667
Tiruvilandur,11.133333,79.666667
Tiruvilanthur,11.133333,79.666667
Tiruvottiyur,13.157778,80.304167
Tiruvuttarakocamankai,9.333333,78.733333
Tiruyamiyur,12.983333,80.259722
Tisaiyanvilai,8.333333,77.883333
Titachery,10.866667,79.783333
Titagudi,11.416667,79.116667
Titimati,12.223889,76.004444
Tittachcheri,10.866667,79.783333
Tittagudi,11.416667,79.116667
Todukkadu,12.992778,79.934722
Todupulai,9.9,76.716667
Togamalai,10.716667,78.4
Tokalapudi,14.166667,79.683333
Toludur,11.433333,78.983333
Tolur,13.129167,79.956111
Tondebhavi,13.508889,77.521667
Tondi,9.733333,79.016667
Tondiarpet,13.129722,80.289722
Tonnur,12.566667,76.65
Topputturai,10.4,79.85
Tottikalai,13.149444,79.978889
Tottiyam,10.983333,78.333333
Tovarankurichchi,10.383333,78.383333
Toveramkurchi,10.383333,78.383333
Trankebar,11.031944,79.852778
Tranquebar,11.031944,79.852778
Tribhuvanam,10.983333,79.433333
Trichinapalli,10.805,78.685556
Trichinopoli,10.805,78.685556
Trichinopoly,10.805,78.685556
Trichur,10.516667,76.216667
Trichy,10.805,78.685556
Trikkalangod,11.15,76.116667
Trikkunnapuzha,9.25,76.416667
Trikunnapuzha,9.25,76.416667
Trinchinopoly,10.805,78.685556
Triplicane,13.055,80.276667
Trippapur,8.533333,76.9
Tripunittura,9.95,76.35
Tripunnittara,9.95,76.35
Trissur,10.516667,76.216667
Tritala,10.8,76.133333
Trittala,10.8,76.133333
Trivandrum,8.506944,76.956944
Trumulldivayal,13.134722,80.128889
Trustpuram,13.054444,80.225278
Tsadam,13.55,78.916667
Tsadum,13.55,78.916667
Tsadumu,13.666667,78.116667
Tsundupalle,13.983333,78.916667
Tsundupalli,13.983333,78.916667
Tudiyallur,11.083333,76.95
Tudiyalur,11.083333,76.95
Tumakooru,13.342222,77.101667
Tumakuru,13.342222,77.101667
Tumbal,11.783333,78.533333
Tumkur,13.342222,77.101667
Turaiyur,11.166667,78.616667
Turalyur,11.166667,78.616667
Turavur,9.766667,76.316667
Turcunapulli,9.25,76.416667
Turpupundla,14.183333,79.783333
Turuvekere,13.164167,76.666667
Tuticorin,8.783333,78.133333
Tutikorín,8.783333,78.133333
Tuttukkudi,8.783333,78.133333
Tuvvur,11.116667,76.3
Tyagadurgam,11.733333,79.083333
Tyagarayanagar,13.039444,80.24
Tyakal,12.983333,78.083333
Tyamagondal,13.222222,77.281944
Tyamagondlu,13.222222,77.281944
Udagamandalam,11.4,76.7
Udaiyarpalaiyam,11.183333,79.3
Udakamandalam,11.4,76.7
Udamalpet,10.583333,77.25
Udankudi,8.433333,78.016667
Uddanapalli,12.616667,77.916667
Uddanappalle,12.616667,77.916667
Udhagai,11.4,76.7
Udhagamandalam,11.4,76.7
Udumalaippettai,10.583333,77.25
Udumbanshola,9.9,77.166667
Uembilivaram,13.228056,80.168056
Ullagaram,12.980556,80.198889
Ulundur,11.7,79.283333
Ulundurpet,11.7,79.283333
Ulundurpettai,11.7,79.283333
Ummattur,12.063611,76.905833
Unamaucheri,12.861111,80.106389
Upper Tirupati,13.683333,79.35
Uppiliapuram,11.266667,78.516667
Uppiliyapuram,11.266667,78.516667
Uraiyur,10.816667,78.683333
Urakam,10.433333,76.216667
Urakom,10.433333,76.216667
Uralpatti,10.283333,77.633333
Urdigere,13.340556,77.230278
Urigam,12.3,77.616667
Usilampatti,9.966667,77.8
Ussoor,12.883333,79.066667
Ustakayalapenta,13.85,79.033333
Ustekayalapenta,13.85,79.033333
Ustikoilpenta,13.85,79.033333
Usur,12.883333,79.066667
Uttamapalaiyam,9.8,77.333333
Uttandi,12.869167,80.242222
Uttangarai,12.266667,78.55
Uttangaral,12.266667,78.55
Uttarakosamangai,9.333333,78.733333
Uttaramerur,12.6,79.766667
Uttattur,11.066667,78.85
Uttiramerur,12.6,79.766667
Uttukkottai,13.333333,79.9
Uttukkuli,11.166667,77.433333
Uttukotai,13.333333,79.9
Uttukuli,11.166667,77.433333
Uttumalai,8.983333,77.533333
Uttumalal,8.983333,77.533333
Vadakancheri,10.666667,76.25
Vadakancheri-Cochin,10.666667,76.25
Vadakkancheri,10.583333,76.483333
Vadakku Valliyur,8.383333,77.65
Vadakku Viravanallur,8.7,77.533333
Vada-Madura,10.466667,78.083333
Vadamadurai,10.466667,78.083333
Vadamala,13.566667,79.516667
Vadamalapet,13.566667,79.516667
Vadapalani,13.051111,80.2125
Vadapurambakkam,13.172778,80.214444
Vadattur,13.185278,79.994444
Vadippatti,10.083333,77.95
Vagarpura,11.933333,77.016667
Vaiasavettikadu,13.045,79.938333
Vaikam,9.766667,76.4
Vaikom,9.766667,76.4
Vailey,8.516667,76.883333
Vairamangalam,11.45,77.616667
Vairampatti,10.533333,78.3
Vaithisvarankoil,11.2,79.733333
Vaiyampatti,10.533333,78.3
Vaiyapur,12.873889,79.965278
Vakkadai,12.633333,79.483333
Vakkaleri,13.083333,78.05
Valaiyappatti,11.133333,78.216667
Valakadai,12.633333,79.483333
Valancheri,10.883333,76.083333
Valangiman,10.883333,79.383333
Valani,10.633333,76.316667
Valantaravai,9.333333,78.933333
Valappadi,11.666667,78.4
Valapuram,13.016944,80.001667
Valatti,12.35,79.4
Valavanur,11.916667,79.583333
Valikandapuram,11.333333,78.9
Valikondapuram,11.333333,78.9
Valinokkam,9.166667,78.65
Vallahadu Kasba,8.716667,77.85
Vallakottai,12.883611,79.935833
Vallam,10.716667,79.083333
Vallanadi,9.916667,77.533333
Vallanadu Kasba,8.716667,77.85
Vallandu Kasba,8.716667,77.85
Vallappula,10.833333,76.283333
Vallapputha,10.833333,76.283333
Vallapula,10.833333,76.283333
Valnokkam,9.166667,78.65
Valparai,10.366667,76.966667
Valudavur,11.966667,79.7
Vandalur,12.892778,80.080833
Vandamettu,9.716667,77.15
Vandanmettu,9.716667,77.15
Vandavasi,12.5,79.616667
Vandiperiyar,9.583333,77.083333
Vanivambadi,12.683333,78.616667
Vanivilasa Mohalla,12.316667,76.633333
Vanivilasa Puram,12.316667,76.633333
Vanivilasapura,13.903333,76.491667
Vaniyambadi,12.683333,78.616667
Vaniyambalam,11.183333,76.25
Vanur,12.033333,79.75
Varadancheri,13.121667,80.294167
Varadayyapalaiyam,13.6,79.933333
Varadiapalem,13.6,79.933333
Varkala,8.733333,76.716667
Varkkallai,8.733333,76.716667
Vasavasamudram,12.5,80.116667
Vasevasamudram,12.5,80.116667
Vasudevanallur,9.233333,77.416667
Vattalkundu,10.166667,77.766667
Vattanam,9.783333,79.05
Vattanum,9.783333,79.05
Vayalar,9.7,76.333333
Vayalpad,13.65,78.633333
Vayittir,11.55,76.05
Vayittiri,11.55,76.05
Vazhakulam,9.95,76.65
Vazhani,10.633333,76.316667
Vedal,12.883333,79.75
Vedalai,9.266667,79.116667
Vedaranayam,10.366667,79.85
Vedaraniam,10.366667,79.85
Vedaranniyam,10.366667,79.85
Vedasandur,10.533333,77.95
Vedichela,14.1,79.766667
Velachcheri,12.979722,80.217778
Velakavundanpatti,11.283333,78.066667
Velamurittanpet,11.033333,79.65
Velangann,10.683333,79.833333
Velanganni,10.683333,79.833333
Veli,8.516667,76.883333
Vellakkovil,10.933333,77.716667
Vellakundam,11.633333,78.333333
Vellalakundam,11.633333,78.333333
Vellanad,8.566667,77.05
Vellanur,13.154444,80.099167
Vellivayal,13.225556,80.255
Vellore,12.933333,79.133333
Velluru,12.933333,79.133333
Velur,11.1,78.016667
Vemagallu,13.2,78.016667
Vembakkottai,9.333333,77.766667
Vembakottai,9.333333,77.766667
Vembar,9.1,78.366667
Vemgal,13.2,78.016667
Vempayam,8.616667,76.933333
Vemulachedu,14.133333,79.666667
Venadu,13.633333,80.15
Vengal,13.249722,80.012778
Vengattur,13.100556,79.928889
Vengavasal,12.899722,80.167778
Venjaramud,8.683333,76.9
Venjaramudu,8.683333,76.9
Venkatagiri,13.966667,79.583333
Venkatagiri Town,13.966667,79.583333
Venkatagirikota,13,78.5
Venkatapuram,13.121389,80.156111
Vennikulam,9.4,76.666667
Vepanapalli,12.7,78.2
Vepanappalle,12.7,78.2
Vepery,13.084722,80.2675
Veppanapalli,12.7,78.2
Veppur,11.533333,79.116667
Veraiyur,12.083333,79.15
Vetchur,8.7,76.733333
Vettagaranpudur,10.566667,76.933333
Vettaikkaranpudur,10.566667,76.933333
Vettakkaranpudur,10.566667,76.933333
Vettavalam,12.1,79.25
Vettoor,8.7,76.733333
Vettur,8.7,76.733333
Vettutura,8.583333,76.833333
Vichchur,13.216111,80.245556
Vijalapuram,12.833333,78.466667
Vijaya Narayanam,8.433333,77.8
Vijayapati,8.183333,77.783333
Vijayapura,13.293611,77.801667
Vijayapuri,11.233333,77.5
Vijilapuram,12.833333,78.466667
Vikramasingapuram,8.666667,77.333333
Vikravandi,12.033333,79.55
Vilangadupakkam,13.196111,80.215556
Vilatikulam,9.166667,78.166667
Vilattikulam,9.166667,78.166667
Vilinjam,8.366667,76.993333
Vilinjum,8.366667,76.993333
Villapurum,11.933333,79.483333
Villenour,11.9,79.75
Villianur,11.9,79.75
Villivakam,13.105,80.211111
Villivakkam,13.105,80.211111
Villiyanallur,11.166667,79.666667
Villiyanur,11.166667,79.666667
Villupuram,11.933333,79.483333
Vindur,14.183333,79.816667
Vinnamamangalam-Arni,12.583333,79.316667
Vinnamangalam,12.583333,79.316667
Viraganur,11.483333,78.733333
Viralimalai,10.6,78.533333
Virambakkam,12.583333,79.616667
Virampattinam,11.883333,79.82
Virapalle,14.166667,78.85
Virapandi,9.95,77.45
Virapuram,13.184444,80.080833
Viraraghavapuram,13.073056,80.107778
Virasangilimatam,9.683333,78.983333
Viravanallur,8.7,77.533333
Virinchipuram,12.916667,79.033333
Virinjiuram,12.916667,79.033333
Virudunagar,9.6,77.966667
Virudupatti,9.6,77.966667
Virugambakkam,13.046667,80.193056
Virupakshi,10.466667,77.7
Virupathi,10.466667,77.7
Vishamangalam,12.4,78.6
Visharam,12.933333,79.283333
Vishnuvakkam,13.194722,79.9725
Vriddhachalam,11.5,79.333333
Vyasarpadi,13.111111,80.264722
Vypeen,9.966667,76.25
Vypin,9.966667,76.25
Vysarpadi,13.111111,80.264722
Wadia Nagar,13.101389,80.256667
Walaja,12.933333,79.383333
Walajabad,12.766667,79.783333
Walajapet,12.933333,79.383333
Walayar,10.85,76.85
Wallajahbad,12.766667,79.783333
Wandiwash,12.5,79.616667
Wandoor,11.2,76.233333
Wandur,11.2,76.233333
Washermanpet,13.113056,80.288611
Watrap,9.633333,77.65
Wellington,11.366667,76.8
Wellington Town,11.366667,76.8
West Mambalam,13.038889,80.225833
Whitefield,12.966667,77.75
Wodapatti,12.133333,77.783333
Yadiyur,12.972778,76.859444
Yagati,13.627778,76.149444
Yaliyur,12.516667,76.833333
Yalladabagi,13.266667,76.766667
Yedatore,12.466667,76.4
Yelahanka,13.1075,77.600278
Yelandur,12.066667,77.033333
Yellasiri,13.933333,80.033333
Yelwal,12.359167,76.533333
Yercaud,11.766667,78.233333
Yerpedu,13.683333,79.6
Yerragunlakota,13.966667,79.283333
Yerravaripalem,13.716667,79.15
Yerravaripallem,13.716667,79.15
Yerukalave,13.433333,78.3
Yerur,14.166667,80.05
Yesvantpur,13.05,77.583333